target,validation,aaseq,set,class
1.0,,VDGV,train,1
1.4459050863,,IDGV,train,1
1.69016355375,,LDGV,train,2
1.17054988281,,MDGV,train,1
2.40124349574,,VAGV,train,2
1.83818718188,,VCGV,train,2
1.37294933339,,VDGA,train,1
1.41393590647,,VDGC,train,1
0.820788193905,,VDGF,train,1
0.585648853727,,VDGM,train,0
0.615188984875,,VDGT,train,0
0.699995429038,,VDGW,train,0
3.05454865106,,VFGV,train,2
0.864025848061,,VGGV,train,1
3.08116580765,,VHGV,train,2
1.79171333093,,VIGV,train,2
1.13788477532,,VKGV,train,1
0.907305261163,,VLGV,train,1
1.09352879961,,VMGV,train,1
1.80292279874,,VNGV,train,2
1.64547164894,,VRGV,train,2
2.16359335977,,VSGV,train,2
1.94766786803,,VVGV,train,2
3.90146075608,,VWGV,train,2
0.982388582076,,AFGV,train,1
0.60037301911,,AHGV,train,0
0.657800003547,,AWGV,train,0
1.70408334252,,AYGV,train,2
1.24942493166,,CAGV,train,1
0.58568086908,,CCGV,train,0
0.574303482478,,CDGC,train,0
0.60859929801,,CDGM,train,0
2.9257530725,,CFGV,train,2
2.1520900954,,CHGV,train,2
0.504541738831,,CKGV,train,0
0.663846926041,,CNGV,train,0
0.73881540853,,CRGV,train,1
1.00204197435,,CSGV,train,1
2.46026283378,,CWGV,train,2
4.07312564853,,CYGV,train,2
0.532414753828,,ECGV,train,0
0.623095926621,,EFGV,train,0
1.28148537925,,EHGV,train,1
0.507882443215,,EKGV,train,0
0.61891151802,,ERGV,train,0
0.710704461196,,ESGV,train,1
0.234168286052,,ETGV,train,0
0.534879653391,,EVGV,train,0
0.620970055431,,EWGV,train,0
0.711228906788,,EYGV,train,1
1.91858334368,,FAGV,train,2
1.15017113715,,FCGV,train,1
1.73291398784,,FDGA,train,2
0.860054602338,,FDGG,train,1
1.52023341215,,FDGS,train,2
1.16306667294,,FDGT,train,1
0.0880982147607,,FDGW,train,0
3.60057588419,,FFGV,train,2
2.80379843854,,FHGV,train,2
1.44659958181,,FIGV,train,1
1.04661589712,,FKGV,train,1
0.721343702065,,FMGV,train,1
1.06941444029,,FNGV,train,1
0.737284170642,,FQGV,train,1
1.44206790118,,FRGV,train,1
1.49008686249,,FSGV,train,1
0.792733337608,,FTGV,train,1
1.5873049328,,FVGV,train,2
3.18091081527,,FWGV,train,2
4.11276429473,,FYGV,train,2
0.0165023997399,,GDGF,train,0
0.00695642981754,,GNGV,train,0
0.565418946041,,HDGS,train,0
0.00475289019904,,HDPV,train,0
1.34723972798,,HFGV,train,1
0.809468916282,,HHGV,train,1
0.504203427948,,HVGV,train,0
1.38395741802,,HWGV,train,1
2.48716449617,,HYGV,train,2
1.57049240449,,ICGV,train,2
1.51164738806,,IDGA,train,2
1.48927934476,,IDGC,train,1
0.84012500453,,IDGF,train,1
0.874598219001,,IDGS,train,1
0.876808912773,,IDGT,train,1
0.0,,IDHV,train,0
0.0132088354126,,IDMV,train,0
0.505034033267,,IEGV,train,0
0.539511406418,,IGGV,train,0
2.86764802541,,IHGV,train,2
1.64361643912,,IIGV,train,2
1.36800429535,,IKGV,train,1
0.546493281653,,ILGV,train,0
0.817503972662,,IMGV,train,1
2.28630706938,,INGV,train,2
0.877066671396,,IQGV,train,1
1.74503648453,,IRGV,train,2
2.05862070169,,ISGV,train,2
0.941825576973,,ITGV,train,1
1.67796893094,,IVGV,train,2
3.72027820633,,IWGV,train,2
0.549334336812,,KAGV,train,0
0.653583336857,,KCGV,train,0
0.0218532665005,,KDGH,train,0
1.38415205758,,KFGV,train,1
1.35925639455,,KHGV,train,1
0.618982459478,,KIGV,train,0
0.507561731132,,KKGV,train,0
0.746292588458,,KRGV,train,1
0.649118720431,,KSGV,train,0
0.781976534828,,KVGV,train,1
1.24921399334,,KWGV,train,1
2.45451415014,,KYGV,train,2
2.26023771846,,LAGV,train,2
1.43427740068,,LCGV,train,1
1.21617148777,,LDGA,train,1
1.02134827595,,LDGC,train,1
0.517877136665,,LDGF,train,0
0.560083336353,,LDGM,train,0
0.0758102840967,,LDGQ,train,0
0.717614780247,,LDGT,train,1
0.501986326558,,LEGV,train,0
4.02906611368,,LFGV,train,2
0.731433635403,,LGGV,train,1
3.35696195393,,LHGV,train,2
1.72909874212,,LIGV,train,2
1.28272763285,,LKGV,train,1
0.633003530646,,LLGV,train,0
0.875806518132,,LMGV,train,1
2.08802441202,,LNGV,train,2
0.713918508231,,LPGV,train,1
0.906208338219,,LQGV,train,1
1.71966706936,,LRGV,train,2
2.26769974438,,LSGV,train,2
1.13793527399,,LTGV,train,1
1.76261911328,,LVGV,train,2
4.04596052161,,LWGV,train,2
5.07529943739,,LYGV,train,2
0.88327637195,,MAGV,train,1
0.806701741377,,MCGV,train,1
0.62843393196,,MDGA,train,0
0.658013297971,,MDGC,train,0
0.0940403230877,,MDGG,train,0
0.524061620632,,MDGI,train,0
0.231600417915,,MDGL,train,0
2.26650809173,,MFGV,train,2
2.03729459697,,MHGV,train,2
1.33684363621,,MIGV,train,1
0.926559935004,,MKGV,train,1
0.557579632636,,MMGV,train,0
1.42186202843,,MNGV,train,1
0.61434491072,,MQGV,train,0
1.31147946897,,MRGV,train,1
0.610308686974,,MTGV,train,0
1.28844389754,,MVGV,train,1
2.7993624312,,MYGV,train,2
0.0174946809454,,NDGI,train,0
0.00265584626755,,NPGV,train,0
1.07408531207,,QFGV,train,1
0.510694049408,,QSGV,train,0
0.572101211708,,QVGV,train,0
1.32730244161,,QWGV,train,1
1.93381019561,,QYGV,train,2
0.521429688086,,RAGV,train,0
0.582457703468,,RCGV,train,0
1.3816297533,,RFGV,train,1
1.33155411166,,RHGV,train,1
0.698994161965,,RRGV,train,0
0.594749688467,,RSGV,train,0
0.76515305031,,RVGV,train,1
1.14263348335,,RWGV,train,1
1.89300223243,,RYGV,train,2
0.880982147607,,SFGV,train,1
0.674874047355,,SHGV,train,0
0.896845002244,,SWGV,train,1
1.52173737853,,SYGV,train,2
1.10536905358,,TAGV,train,1
0.902584774981,,TCGV,train,1
0.0,,TDKV,train,0
2.69569021061,,TFGV,train,2
2.07365680943,,THGV,train,2
1.35254167396,,TIGV,train,1
0.880804171416,,TNGV,train,1
0.548166669622,,TQGV,train,0
1.06507822212,,TRGV,train,1
1.1665888776,,TSGV,train,1
0.596956373201,,TTGV,train,0
1.28403243234,,TVGV,train,1
3.25712986252,,TWGV,train,2
3.68614117634,,TYGV,train,2
1.75153255202,,VAGA,train,2
2.80027310747,,VAGC,train,2
1.6210071516,,VAGF,train,2
0.56545120425,,VAGG,train,0
0.583695990801,,VAGI,train,0
1.21540232896,,VAGL,train,1
2.48587210643,,VAGM,train,2
1.18769445085,,VAGN,train,1
0.834746205109,,VAGS,train,1
0.97037592435,,VAGT,train,1
0.558133336343,,VAGW,train,0
1.45247248726,,VCGA,train,1
1.47192902028,,VCGC,train,1
1.46113439755,,VCGF,train,1
0.927773829653,,VCGL,train,1
1.62583483553,,VCGM,train,2
0.858607997827,,VCGN,train,1
0.756246262581,,VCGS,train,1
0.697701085714,,VCGT,train,0
0.535551955468,,VCGW,train,0
4.15798312534,,VDAA,train,2
1.64119780001,,VDAC,train,2
2.36785396466,,VDAG,train,2
0.0049833333602,,VDAK,train,0
0.853514263157,,VDAL,train,1
1.5025639962,,VDAM,train,2
3.68714212514,,VDCA,train,2
1.57597917516,,VDCC,train,2
1.91858334368,,VDCG,train,2
1.49954037846,,VDFA,train,1
0.52354199501,,VDFT,train,0
0.872498615815,,VDLA,train,1
3.14527339094,,VDLG,train,2
0.0171302084257,,VDLM,train,0
1.11846429174,,VDLT,train,1
0.00517138367568,,VDLY,train,0
1.19865778424,,VDMA,train,1
1.08850238682,,VDMG,train,1
0.00571006947523,,VDPR,train,0
0.0144254386743,,VDQA,train,0
0.0,,VDQP,train,0
1.29241667363,,VDSA,train,1
1.04866667232,,VDYG,train,1
0.685208337028,,VEGC,train,0
0.608824456835,,VEGF,train,0
1.06686201292,,VEGM,train,1
1.70807468037,,VFGA,train,2
3.7035178707,,VFGC,train,2
0.694344448188,,VFGD,train,0
2.88828138812,,VFGF,train,2
0.819555364906,,VFGG,train,1
1.54815868629,,VFGI,train,2
0.0200864855299,,VFGK,train,0
2.66429713738,,VFGL,train,2
4.03362409223,,VFGM,train,2
3.09427593268,,VFGN,train,2
0.796292944283,,VFGS,train,1
0.97468277281,,VFGT,train,1
0.676366939131,,VGEV,train,0
0.753729170731,,VGGC,train,1
0.779673952424,,VGGF,train,1
0.689446739112,,VGGM,train,0
0.0394513891016,,VGPV,train,0
0.534111113991,,VGQV,train,0
0.0739589951078,,VGRV,train,0
3.08641668331,,VHGF,train,2
1.56704167512,,VHGG,train,2
1.24635790146,,VHGI,train,1
2.44217062794,,VHGL,train,2
4.77448984763,,VHGM,train,2
1.93634800427,,VHGN,train,2
1.15822312452,,VHGS,train,1
1.2615980252,,VHGT,train,1
1.3481334761,,VHGW,train,1
1.92980590237,,VIGA,train,2
1.95393139281,,VIGC,train,2
0.928312904111,,VIGF,train,1
0.620640628346,,VIGG,train,0
0.547191284089,,VIGI,train,0
0.759897565073,,VIGL,train,1
0.927353995113,,VIGM,train,1
1.09770833925,,VIGN,train,1
0.936333862491,,VIGS,train,1
0.871270130894,,VIGT,train,1
1.68741051994,,VKGA,train,2
1.85874448695,,VKGC,train,2
1.3185509859,,VKGF,train,1
0.594469576321,,VKGG,train,0
0.702599929356,,VKGL,train,1
1.78465082405,,VKGM,train,2
0.846205874314,,VKGS,train,1
0.684106968863,,VKGT,train,0
0.706201399304,,VLGA,train,1
0.840960869751,,VLGC,train,1
0.704785718086,,VLGM,train,1
0.93996734741,,VMGA,train,1
1.13273909529,,VMGC,train,1
0.905936192284,,VMGF,train,1
0.598922842735,,VMGL,train,0
1.76140494147,,VMGM,train,2
2.69808032491,,VNGA,train,2
2.83385557083,,VNGC,train,2
0.821538099668,,VNGG,train,1
0.878759465834,,VNGL,train,1
1.71593099381,,VNGM,train,2
0.642735881328,,VNGN,train,0
1.11275430865,,VNGS,train,1
0.926902964222,,VNGT,train,1
0.868053688418,,VNGW,train,1
0.799109760406,,VPGA,train,1
1.71213096161,,VPGC,train,2
0.944287109714,,VQGA,train,1
1.04469445008,,VQGC,train,1
1.14104196833,,VQGF,train,1
0.594269411707,,VQGL,train,0
0.404014349663,,VQGT,train,0
2.18901455283,,VRGA,train,2
2.26938777424,,VRGC,train,2
0.0706056460872,,VRGE,train,0
1.91003493557,,VRGF,train,2
0.860304550093,,VRGG,train,1
0.957079223267,,VRGL,train,1
2.37353698727,,VRGM,train,2
0.565407395522,,VRGN,train,0
1.18336815866,,VRGS,train,1
0.572858861948,,VRGW,train,0
0.155692308532,,VSCV,train,0
2.08726940714,,VSGA,train,2
2.77022779271,,VSGC,train,2
1.93461607357,,VSGF,train,2
0.608256528261,,VSGG,train,0
1.24093884225,,VSGL,train,1
2.48158643313,,VSGM,train,2
1.08788143024,,VSGN,train,1
0.9619359322,,VSGT,train,1
0.701406507847,,VSGW,train,1
0.636614818247,,VTGA,train,0
1.04742000565,,VTGF,train,1
0.617230144917,,VTGL,train,0
1.04531782802,,VTGM,train,1
0.506098064744,,VTGW,train,0
0.00405049263268,,VVDV,train,0
1.76143517681,,VVGA,train,2
1.97187732545,,VVGC,train,2
1.43944506949,,VVGF,train,1
0.595833336546,,VVGG,train,0
0.593361262064,,VVGI,train,0
1.30772740067,,VVGM,train,1
1.11979092195,,VVGN,train,1
0.232875001256,,VVGQ,train,0
0.951300041126,,VVGS,train,1
0.921540571006,,VVGT,train,1
2.01352184821,,VWGA,train,2
5.3907325057,,VWGF,train,2
1.04380070007,,VWGG,train,1
0.547180758346,,VWGH,train,0
1.92622710202,,VWGI,train,2
3.65924146762,,VWGL,train,2
5.00280845609,,VWGM,train,2
2.42427215329,,VWGN,train,2
0.631248180487,,VWGQ,train,0
1.11512559894,,VWGS,train,1
1.09720069157,,VWGT,train,1
2.35745297795,,VWGW,train,2
2.40599752993,,VYGA,train,2
4.0264439679,,VYGC,train,2
3.29837038815,,VYGF,train,2
1.26600397508,,VYGG,train,1
3.6085670094,,VYGM,train,2
3.91066389446,,VYGN,train,2
0.717901283827,,VYGQ,train,1
1.28798298072,,VYGS,train,1
1.15684524433,,VYGW,train,1
0.83604462772,,WDCV,train,1
2.55275331409,,WDFV,train,2
0.819092111422,,WDGS,train,1
0.681073983264,,WDGT,train,0
2.08698313362,,WDLV,train,2
0.709840454009,,WDMV,train,1
0.00543166092894,,WDSV,train,0
0.723732669989,,YAGV,train,1
0.686707698816,,YCGV,train,0
1.02365309391,,YDFV,train,1
1.09149657451,,YDGA,train,1
0.835986365771,,YDGS,train,1
0.00447981676511,,YDSV,train,0
1.41598662318,,YFGV,train,1
0.963043790503,,YHGV,train,1
0.699130330883,,YIGV,train,0
0.690871215846,,YRGV,train,0
0.552754330591,,YSGV,train,0
0.736482430275,,YVGV,train,1
1.88074975452,,YWGV,train,2
2.40308762502,,YYGV,train,2
1.24251111781,,AAGC,train,1
1.88633824546,,AAGF,train,2
1.95512778832,,AAGM,train,2
0.753729170731,,ACGC,train,1
1.23337500665,,ACGF,train,1
0.548166669622,,ACGL,train,0
1.31560000709,,ACGM,train,1
1.93966667712,,ADAA,train,2
0.0,,ADLL,train,0
0.0,,ADRF,train,0
0.0137041667406,,AEVV,train,0
1.71721599565,,AFGC,train,2
2.9749461966,,AFGF,train,2
1.64299405648,,AFGL,train,2
3.27757987878,,AFGM,train,2
1.11156019118,,AFGN,train,1
1.37898177827,,AFGW,train,1
1.23337500665,,AHGA,train,1
2.76575001491,,AHGF,train,2
1.03259302882,,AHGL,train,1
3.33883335134,,AHGM,train,2
0.560083336353,,AIGC,train,0
0.0203024692453,,AIGE,train,0
0.583532261211,,AIGF,train,0
0.692421056365,,AIGM,train,0
0.975414220945,,AKGF,train,1
1.00497222764,,AKGM,train,1
0.715662040896,,AMGC,train,1
0.582427086474,,ANGC,train,0
1.3623553995,,ANGF,train,1
0.142117284717,,ANGI,train,0
1.0134709357,,ANGM,train,1
0.0,,APGY,train,0
0.021083333447,,AQVV,train,0
1.49889323725,,ARGF,train,1
1.56227500842,,ARGM,train,2
0.49833333602,,ASFV,train,0
1.06822222798,,ASGC,train,1
1.24735885026,,ASGF,train,1
1.93263889931,,ASGM,train,2
0.00189022989525,,ASGP,train,0
0.767433337471,,ATGF,train,1
0.588137155949,,AVGC,train,0
0.941416671743,,AVGF,train,1
0.915438338269,,AVGM,train,1
2.12650863216,,AWGL,train,2
2.15840626164,,AYGC,train,2
3.87632144947,,AYGF,train,2
0.532939817688,,AYGH,train,0
1.20175000648,,AYGI,train,1
2.04756373653,,AYGL,train,2
4.20261113377,,AYGM,train,2
0.99355208869,,AYGQ,train,1
0.784853487248,,CAFV,train,1
0.566713662203,,CAGA,train,0
1.71813433762,,CAGC,train,2
0.915666273967,,CAGL,train,1
1.90877519253,,CAGM,train,2
0.270149124264,,CCGF,train,0
0.604485163077,,CCGM,train,0
2.2298637025,,CDAA,train,2
0.616687503325,,CDAM,train,0
0.509108110853,,CDCA,train,0
0.526572225061,,CDCC,train,0
0.997876218972,,CDFA,train,1
2.15336015373,,CDFG,train,2
0.683323677555,,CDFT,train,0
0.00522063494878,,CDHM,train,0
0.0074076576976,,CDIC,train,0
0.00279676872256,,CDKH,train,0
0.00409079604196,,CDKI,train,0
1.91682921033,,CDLG,train,2
0.619086253972,,CDLT,train,0
0.891763893697,,CDMA,train,1
0.958687964053,,CDMG,train,1
0.167360620371,,CDNA,train,0
0.00693881860281,,CDPG,train,0
0.00814108915281,,CDRC,train,0
0.0236278736906,,CDSG,train,0
0.0037804597905,,CDTE,train,0
0.500794241383,,CDYG,train,0
2.68771137002,,CFGC,train,2
2.31249029025,,CFGF,train,2
1.523326324,,CFGI,train,2
2.3042847538,,CFGL,train,2
2.29937945229,,CFGM,train,2
1.89662057371,,CFGN,train,2
0.822628572575,,CFGW,train,1
0.568513467403,,CHFV,train,0
1.11555562875,,CHGA,train,1
2.04420487213,,CHGC,train,2
1.79549202565,,CHGF,train,2
0.912113392896,,CHGI,train,1
0.567068968575,,CHGK,train,0
1.7604788519,,CHGL,train,2
2.35888058203,,CHGM,train,2
0.950578039807,,CHGN,train,1
0.696411071317,,CHGT,train,0
1.21043137908,,CHGW,train,1
0.0128142857834,,CHSV,train,0
0.873601961068,,CIFV,train,1
0.514252954321,,CIGA,train,0
1.13729224357,,CIGC,train,1
0.553150002982,,CIGF,train,0
0.57181176898,,CIGL,train,0
0.887707553806,,CIGM,train,1
0.853710004603,,CKGC,train,1
0.576277780885,,CKGF,train,0
0.0251452600744,,CKGQ,train,0
0.00372902496342,,CMEV,train,0
0.51684285993,,CMGC,train,0
0.804045207287,,CMGM,train,1
0.553150002982,,CNFV,train,0
0.597071201032,,CNGA,train,0
0.90028222865,,CNGF,train,1
0.583906676803,,CNGL,train,0
1.28733324706,,CNGM,train,1
0.0064066228736,,CPVV,train,0
0.491263555129,,CQGC,train,0
0.827713459612,,CQGM,train,1
0.00978869052897,,CQGR,train,0
0.620746228666,,CRFV,train,0
0.613413666342,,CRGA,train,0
1.14779748473,,CRGC,train,1
0.859053771007,,CRGF,train,1
0.551664861515,,CRGL,train,0
1.34916781885,,CRGM,train,1
0.934451125201,,CSFV,train,1
0.537179111693,,CSGA,train,0
1.45576818714,,CSGC,train,1
0.992394642175,,CSGF,train,1
0.751025533914,,CSGL,train,1
0.607194692611,,CTGC,train,0
0.520119281734,,CTGF,train,0
0.570880758142,,CTGM,train,0
0.9858078715,,CVFV,train,1
0.579075952489,,CVGA,train,0
0.71923174869,,CVGF,train,1
0.654569812326,,CVGL,train,0
1.03032959739,,CWFV,train,1
2.70609039018,,CWGC,train,2
4.0877571649,,CWGF,train,2
2.00472382033,,CWGI,train,2
0.992742787505,,CWGK,train,1
2.9994442366,,CWGL,train,2
3.99466233497,,CWGM,train,2
1.47065286507,,CWGN,train,1
1.06849675055,,CWGW,train,1
0.0134354575888,,CWTV,train,0
0.690206817298,,CYGA,train,0
3.56847515585,,CYGC,train,2
2.85369119186,,CYGF,train,2
0.647205185562,,CYGH,train,0
2.58003779169,,CYGI,train,2
1.00182184448,,CYGK,train,1
3.41676818885,,CYGL,train,2
3.47686508497,,CYGM,train,2
3.18966780243,,CYGN,train,2
0.759658858263,,CYGQ,train,1
0.541904012778,,CYGS,train,0
0.822250004433,,CYGT,train,1
1.38157843882,,CYGW,train,1
0.833913125064,,DAGM,train,1
0.050992248337,,DCFV,train,0
1.17108333965,,DCGM,train,1
0.0224658471157,,DCGQ,train,0
0.0,,DDNL,train,0
0.0,,DDNP,train,0
0.00668495938564,,DDVL,train,0
0.516541669452,,DEGM,train,0
0.0,,DESV,train,0
1.3517896513,,DFGL,train,1
2.89216770476,,DFGM,train,2
0.0042166666894,,DFGQ,train,0
0.0,,DGEV,train,0
0.598000003224,,DHGC,train,0
0.0,,DHGK,train,0
1.33199377665,,DHGL,train,1
3.22809261,,DHGM,train,2
0.0,,DHPV,train,0
0.00189022989525,,DIGR,train,0
0.811907237082,,DKGM,train,1
0.0,,DMIV,train,0
0.0,,DNGH,train,0
0.0,,DNQV,train,0
0.00144254386743,,DPGP,train,0
0.00648717952216,,DPGT,train,0
0.0,,DQCV,train,0
0.890770838136,,DQGM,train,1
0.0,,DQIV,train,0
0.0,,DQYV,train,0
0.761951670775,,DRGM,train,1
1.20143296387,,DSGM,train,1
0.00380671298349,,DSRV,train,0
0.243119945523,,DVGL,train,0
0.00702777781567,,DVGN,train,0
2.64686191903,,DWGL,train,2
0.0105416667235,,DYGE,train,0
0.548166669622,,DYGI,train,0
2.02876759888,,DYGL,train,2
3.48966817358,,DYGM,train,2
1.90031112136,,EAGC,train,2
1.21908231741,,EAGM,train,1
1.04303935748,,ECGC,train,1
1.15255556177,,ECGM,train,1
0.0144254386743,,ECMV,train,0
0.681795766018,,EDAA,train,0
0.00473517956483,,EDAS,train,0
2.99468913054,,EDCA,train,2
1.14542289175,,EDCG,train,1
0.669340354486,,EDCM,train,0
0.0,,EDCN,train,0
0.725434498107,,EDFG,train,1
0.00315038315875,,EDHF,train,0
0.00263541668088,,EDKS,train,0
2.17415105834,,EDLA,train,2
2.99219003824,,EDLG,train,2
1.0214577508,,EDLT,train,1
0.618085887686,,EDMG,train,0
0.00200060828329,,EDNT,train,0
0.00413487789586,,EDPR,train,0
0.0,,EDQM,train,0
1.002640035,,EDVG,train,1
0.0,,EDWI,train,0
0.777272226413,,EEGC,train,1
0.518719699766,,EEGM,train,0
0.620293862994,,EFGI,train,0
2.11192013587,,EFGL,train,2
2.08303334456,,EFGM,train,2
0.00318701552106,,EGWV,train,0
3.54293016616,,EHGC,train,2
1.10008790547,,EHGF,train,1
0.898384264103,,EHGI,train,1
2.0674559464,,EHGL,train,2
2.72063773397,,EHGM,train,2
1.31153951324,,EIGC,train,1
0.548166669622,,EIGL,train,0
0.610956669961,,EIGM,train,0
1.77432895694,,EKGC,train,2
0.853939152677,,EKGL,train,1
1.47896452943,,EKGM,train,1
0.0508168862389,,EKGT,train,0
0.00527083336175,,EKIV,train,0
0.835761154741,,EMGC,train,1
0.564958336379,,EMGL,train,0
0.666741729363,,EMGM,train,0
0.00291578015757,,EMIV,train,0
1.18965619251,,ENGC,train,1
0.706583799006,,ENGL,train,1
0.581949034145,,ENGM,train,0
0.024707722006,,EPGL,train,0
1.32579845676,,EQGC,train,1
0.593034404146,,EQGL,train,0
0.755892986532,,EQGM,train,1
1.99744240843,,ERGC,train,2
1.01746043714,,ERGL,train,1
1.39435071174,,ERGM,train,1
0.00485963359594,,ERMV,train,0
1.89980098317,,ESGC,train,2
0.55241602365,,ESGF,train,0
1.03618727411,,ESGL,train,1
1.48076191275,,ESGM,train,1
0.0230322130093,,ETCV,train,0
0.84222692388,,ETGC,train,1
0.509042283582,,ETGL,train,0
0.556564766232,,ETGM,train,0
2.11617830598,,EVGC,train,2
0.524890961813,,EVGI,train,0
0.843783345452,,EVGL,train,1
0.990185458133,,EVGM,train,1
2.80935418181,,EWGC,train,2
1.73871615521,,EWGF,train,2
1.27075000685,,EWGI,train,1
2.3543561278,,EWGL,train,2
4.0564333552,,EWGM,train,2
0.0144254386743,,EYEV,train,0
1.63619445327,,EYGF,train,2
1.24194011086,,EYGI,train,1
2.01234869506,,EYGM,train,2
1.47391667461,,FAFV,train,1
4.54135002449,,FAGA,train,2
2.54648334706,,FAGC,train,2
1.04259150889,,FAGF,train,1
2.0037714072,,FAGG,train,2
0.75114888829,,FAGL,train,1
1.54115711213,,FAGM,train,2
1.42697355267,,FAGN,train,1
3.99324191968,,FAGS,train,2
3.3817046751,,FAGT,train,2
1.93966667712,,FCFV,train,2
2.58048527468,,FCGA,train,2
1.59415817186,,FCGC,train,2
0.669482244047,,FCGF,train,0
0.879350699186,,FCGG,train,1
1.25700288034,,FCGM,train,1
0.660291670227,,FCGN,train,0
2.59831001401,,FCGS,train,2
2.1076063332,,FCGT,train,2
2.47538255928,,FDAA,train,2
0.00548166669622,,FDAF,train,0
1.00627738638,,FDAG,train,1
2.26781856061,,FDCA,train,2
0.0042166666894,,FDET,train,0
0.972802822146,,FDFA,train,1
1.64450000887,,FDFG,train,2
1.27192990472,,FDLA,train,1
1.04151667228,,FDLC,train,1
2.57731772223,,FDLG,train,2
1.16199913821,,FDMA,train,1
0.906583338221,,FDMG,train,1
0.0,,FDNR,train,0
0.00615917606317,,FDWL,train,0
0.572000003084,,FEFV,train,0
1.00430535821,,FEGA,train,1
0.758297226311,,FEGC,train,1
0.734962318188,,FEGT,train,1
0.584132356091,,FFFV,train,0
4.42267539863,,FFGA,train,2
4.36614752354,,FFGC,train,2
1.84584084724,,FFGF,train,2
1.59175842078,,FFGG,train,2
0.649679015849,,FFGI,train,0
1.76598736516,,FFGL,train,2
2.10246203665,,FFGM,train,2
4.50327905434,,FFGN,train,2
4.31982442805,,FFGS,train,2
3.55975889161,,FFGT,train,2
1.4984149827,,FFGW,train,1
0.00215813649458,,FFPV,train,0
0.945469025271,,FGGA,train,1
0.778645837532,,FGGC,train,1
0.867283526867,,FGGS,train,1
1.36280324809,,FHFV,train,1
4.14772078849,,FHGA,train,2
3.97836113256,,FHGC,train,2
1.29019716143,,FHGF,train,1
2.19266667849,,FHGG,train,2
1.23425914644,,FHGL,train,1
2.34216667929,,FHGM,train,2
2.85503473762,,FHGN,train,2
3.74037502017,,FHGS,train,2
3.67184658064,,FHGT,train,2
0.861404766549,,FHGW,train,1
0.787989587582,,FICV,train,1
2.79323163271,,FIFV,train,2
1.76126924027,,FIGC,train,2
0.715662040896,,FIGF,train,1
1.33803552058,,FIGG,train,1
0.636620836766,,FIGL,train,0
1.01802381501,,FIGN,train,1
0.541111059023,,FIGP,train,0
3.09586092012,,FIGS,train,2
1.4087500076,,FILV,train,1
1.31594048329,,FKFV,train,1
2.81419094655,,FKGA,train,2
1.22246018358,,FKGC,train,1
0.957679416928,,FKGG,train,1
0.510590728559,,FKGL,train,0
1.00003378918,,FKGM,train,1
2.97612334938,,FKGS,train,2
2.00101971944,,FKGT,train,2
0.581846401442,,FKLV,train,0
1.54735654843,,FLGA,train,2
0.827881853779,,FLGC,train,1
0.0124785908532,,FLGH,train,0
0.510254915827,,FLGM,train,0
1.44097449649,,FLGS,train,1
1.26323948407,,FLGT,train,1
0.0209638811329,,FLYV,train,0
0.0,,FMDV,train,0
0.663689397518,,FMFV,train,0
1.97997109375,,FMGA,train,2
1.33251153201,,FMGC,train,1
0.646501911883,,FMGG,train,0
0.720049438911,,FMGM,train,1
1.7474748211,,FMGS,train,2
1.2990487143,,FMGT,train,1
0.964562505201,,FNFV,train,1
3.26153887436,,FNGA,train,2
1.43686111886,,FNGC,train,1
0.601698570953,,FNGF,train,0
1.23957853892,,FNGG,train,1
1.09810161882,,FNGM,train,1
0.567426579636,,FNGN,train,0
0.00697897380306,,FNGR,train,0
3.14875893397,,FNGS,train,2
2.71681010761,,FNGT,train,2
0.00153979401579,,FPEV,train,0
1.62697719012,,FPGA,train,2
0.341182574454,,FPGC,train,0
1.07955272691,,FQFV,train,1
1.7646039421,,FQGA,train,2
1.10192687669,,FQGC,train,1
0.605868424319,,FQGG,train,0
0.647303194979,,FQGM,train,0
1.85304167666,,FQGS,train,2
0.294602942765,,FQLV,train,0
2.16902370712,,FRFV,train,2
2.04508334436,,FRGC,train,2
0.712036599959,,FRGF,train,1
1.22801038622,,FRGG,train,1
0.759670283479,,FRGL,train,1
1.61547942047,,FRGM,train,2
0.640762390842,,FRGN,train,0
3.19803786295,,FRGS,train,2
2.9568327974,,FRGT,train,2
0.946555457396,,FRLV,train,1
1.74480056388,,FSFV,train,2
3.51664630346,,FSGA,train,2
2.05174647333,,FSGC,train,2
0.623120071387,,FSGF,train,0
1.47360098834,,FSGG,train,1
0.0102461059742,,FSGK,train,0
0.551263656456,,FSGL,train,0
1.40194838514,,FSGM,train,1
0.813493348369,,FSGN,train,1
3.35802344924,,FSGS,train,2
2.93944943179,,FSGT,train,2
0.668763336939,,FTFV,train,0
2.05363889996,,FTGA,train,2
1.04811497479,,FTGC,train,1
0.505673129341,,FTGM,train,0
0.577683336448,,FTGN,train,0
2.13519759216,,FTGS,train,2
1.71264227443,,FTGT,train,2
0.00445663959042,,FTRV,train,0
0.516218305442,,FVCV,train,0
2.35113373932,,FVFV,train,2
2.94702448072,,FVGA,train,2
2.04919345269,,FVGC,train,2
0.626331176217,,FVGF,train,0
1.41740238859,,FVGG,train,1
0.717101274716,,FVGL,train,1
1.25245675781,,FVGM,train,1
0.998344996747,,FVGN,train,1
3.10866752179,,FVGS,train,2
2.86069912654,,FVGT,train,2
1.02121420304,,FVLV,train,1
2.68384572404,,FWFV,train,2
3.44021840935,,FWGC,train,2
4.75534585897,,FWGF,train,2
2.69515279231,,FWGG,train,2
1.02988889444,,FWGI,train,1
2.27240001225,,FWGL,train,2
3.35752085144,,FWGM,train,2
4.72170835879,,FWGN,train,2
0.501711867112,,FWGP,train,0
5.380293408,,FWGS,train,2
3.64987640857,,FWGT,train,2
1.86637699419,,FWGW,train,2
1.03653333892,,FWLV,train,1
0.539601565409,,FWWV,train,0
0.777318310202,,FYAV,train,1
0.512103072937,,FYCV,train,0
0.822250004433,,FYFV,train,1
5.44061456678,,FYGA,train,2
4.36527847882,,FYGC,train,2
2.82017326082,,FYGF,train,2
1.95556284123,,FYGG,train,2
0.516093087889,,FYGH,train,0
0.998020838714,,FYGI,train,1
2.53500001367,,FYGL,train,2
2.63255351214,,FYGM,train,2
5.49487553163,,FYGN,train,2
0.8153287081,,FYGP,train,1
0.393630321271,,FYGQ,train,0
5.29817994488,,FYGS,train,2
4.457327597,,FYGT,train,2
2.31627288831,,FYGW,train,2
0.00200060828329,,GAGG,train,0
0.0080183954333,,GAGI,train,0
0.0,,GDAN,train,0
0.0,,GDPG,train,0
0.00042559524039,,GDPL,train,0
0.00161225491065,,GDWY,train,0
0.544175164746,,GFGM,train,0
0.528233336181,,GHGM,train,0
1.31809167377,,GHGW,train,1
0.00162179488054,,GHSV,train,0
0.00122358631612,,GINV,train,0
0.00160095405848,,GIVV,train,0
0.00510714288468,,GKYV,train,0
0.000680107530549,,GNDV,train,0
0.00412155390693,,GPCV,train,0
0.00832496110408,,GTFV,train,0
0.515276669445,,GWGM,train,0
0.74916111515,,GYGM,train,1
0.858035365655,,HAGC,train,1
1.16282255793,,HAGM,train,1
1.61383627945,,HAGS,train,2
1.1284466455,,HAGT,train,1
0.809614957084,,HCGC,train,1
0.599749769151,,HCGL,train,0
1.07848937213,,HCGM,train,1
0.00843780967041,,HCGP,train,0
1.04678509336,,HCGS,train,1
0.836063222899,,HDAA,train,1
0.00382441862527,,HDAY,train,0
2.26339786167,,HDCA,train,2
0.707707715259,,HDCG,train,1
0.702338545453,,HDFG,train,1
0.0167123984641,,HDFI,train,0
0.00330220885315,,HDLF,train,0
1.56469030218,,HDLG,train,2
0.0,,HDMI,train,0
0.0,,HDQH,train,0
0.0,,HDQR,train,0
0.00835619923205,,HDRC,train,0
0.00870105824797,,HDWM,train,0
0.00311458335013,,HEQV,train,0
2.37928582115,,HFGC,train,2
1.45549147064,,HFGF,train,1
1.28793131811,,HFGL,train,1
1.86134692571,,HFGM,train,2
2.08803905816,,HFGN,train,2
0.007560919581,,HGKV,train,0
0.957930330772,,HHGA,train,1
1.81745099019,,HHGC,train,2
1.01602054811,,HHGF,train,1
0.953854998303,,HHGL,train,1
1.78591534651,,HHGM,train,2
0.831608947573,,HHGN,train,1
1.93213691518,,HHGS,train,2
0.576325916349,,HHGW,train,0
0.134049491261,,HHGY,train,0
0.730761025634,,HIGA,train,1
1.16471518545,,HIGC,train,1
0.592503679665,,HIGF,train,0
1.05045154751,,HIGM,train,1
0.517306141466,,HIGN,train,0
1.74490349965,,HIGS,train,2
1.20593247687,,HIGT,train,1
0.608173080202,,HKGC,train,0
1.00032211118,,HKGM,train,1
1.05888095809,,HKGS,train,1
0.0,,HKQV,train,0
0.00533928574307,,HMAV,train,0
0.599720439741,,HMGM,train,0
0.511015678182,,HMGS,train,0
0.0161701082484,,HMGW,train,0
0.725910085658,,HNGC,train,1
0.870699078769,,HNGM,train,1
1.23427070382,,HNGS,train,1
1.01748167215,,HNGT,train,1
0.502166669374,,HQGC,train,0
0.540510710549,,HQGM,train,0
0.633790126874,,HQGS,train,0
0.00189022989525,,HQPV,train,0
1.02542620785,,HRGC,train,1
0.519309836271,,HRGL,train,0
1.28263056247,,HRGM,train,1
1.54283076566,,HRGS,train,2
1.12076351764,,HRGT,train,1
0.787563751892,,HSGC,train,1
1.08015792932,,HSGM,train,1
1.02374335023,,HSGT,train,1
0.767972738868,,HTGS,train,1
0.763992633696,,HVFV,train,1
1.08787170609,,HVGC,train,1
0.562069447475,,HVGF,train,0
0.194725872907,,HVGI,train,0
1.0427641734,,HVGM,train,1
1.62698408714,,HVGS,train,2
1.25443289762,,HVGT,train,1
0.0508358687726,,HVGY,train,0
0.00238333334618,,HWEV,train,0
0.656581855392,,HWFV,train,0
2.62370371785,,HWGC,train,2
0.0164450000887,,HWGE,train,0
2.19837674796,,HWGF,train,2
2.03551193054,,HWGL,train,2
1.37554932077,,HWGN,train,1
2.02136459423,,HWGS,train,2
0.809321545244,,HWGT,train,1
0.791241535107,,HYGA,train,1
3.36925646384,,HYGC,train,2
2.40980749222,,HYGF,train,2
0.637634286685,,HYGI,train,0
1.91718393934,,HYGL,train,2
2.63907785854,,HYGM,train,2
2.95385851428,,HYGN,train,2
2.65898610418,,HYGS,train,2
1.68149748381,,HYGT,train,2
1.19306863388,,HYGW,train,1
2.10735341512,,IAGA,train,2
2.62171251414,,IAGC,train,2
2.23443175808,,IAGF,train,2
0.651184198913,,IAGG,train,0
0.911515677698,,IAGI,train,1
1.38731453687,,IAGL,train,1
2.30756019763,,IAGM,train,2
0.883891236359,,IAGN,train,1
1.43317230658,,IAGS,train,1
1.49889323725,,IAGT,train,1
0.18029055864,,IAGY,train,0
1.63828570891,,ICGA,train,2
1.77348040172,,ICGC,train,2
1.66722194336,,ICGF,train,2
0.608146125163,,ICGI,train,0
1.03731636511,,ICGL,train,1
1.65462624045,,ICGM,train,2
0.592304765098,,ICGN,train,0
0.0267649453712,,ICGR,train,0
1.06078859066,,ICGS,train,1
1.13213566289,,ICGT,train,1
0.0289597485838,,ICNV,train,0
3.93123479486,,IDAA,train,2
2.45447762517,,IDAC,train,2
2.57638334722,,IDAG,train,2
0.662624691463,,IDAL,train,0
1.06130013104,,IDAM,train,1
1.3841208408,,IDAS,train,1
4.13015232112,,IDCA,train,2
1.79169291089,,IDCC,train,2
2.36396876275,,IDCG,train,2
0.0028750000155,,IDDP,train,0
0.00428255210642,,IDET,train,0
1.25621528455,,IDFA,train,1
0.00824310781387,,IDFE,train,0
1.82522744798,,IDFG,train,2
0.00772065731862,,IDFM,train,0
0.649738728993,,IDLA,train,0
2.23519685113,,IDLG,train,2
0.0158125000853,,IDLH,train,0
0.581842437722,,IDLT,train,0
0.752903618517,,IDMA,train,1
0.545824077017,,IDMG,train,0
0.00240423977904,,IDPH,train,0
0.00711904765743,,IDRG,train,0
0.0,,IDRK,train,0
1.37714854544,,IDSA,train,1
1.02507167219,,IDYG,train,1
0.0562222225254,,IEAV,train,0
0.612963544972,,IEGA,train,0
0.730022910729,,IEGC,train,1
0.747699337365,,IEGF,train,1
0.866587014476,,IEGM,train,1
0.0,,IEPV,train,0
0.0,,IEQV,train,0
1.47154530648,,IFGA,train,1
3.17097133842,,IFGC,train,2
0.580411767835,,IFGD,train,0
2.89812877442,,IFGF,train,2
0.597379535768,,IFGG,train,0
1.80263428119,,IFGI,train,2
2.55702251454,,IFGL,train,2
3.50893706815,,IFGM,train,2
2.86400269949,,IFGN,train,2
0.632361022966,,IFGQ,train,0
0.817253896935,,IFGS,train,1
1.18270190189,,IFGT,train,1
0.524457038583,,IFGW,train,0
1.2370788355,,IGEV,train,1
0.764741447576,,IGGC,train,1
0.589412220006,,IGGF,train,0
1.45347223006,,IGQV,train,1
0.654870868671,,IGSV,train,0
2.42935851199,,IHGA,train,2
3.1086820343,,IHGC,train,2
2.84187254357,,IHGF,train,2
0.978044742115,,IHGG,train,1
1.35859347138,,IHGI,train,1
2.26331548839,,IHGL,train,2
3.73861987034,,IHGM,train,2
1.83113262985,,IHGN,train,2
1.53996757056,,IHGS,train,2
1.62240276688,,IHGT,train,2
0.52517903509,,IHGW,train,0
2.09020983699,,IIGA,train,2
1.82733657639,,IIGC,train,2
1.13829272617,,IIGF,train,1
0.514724140706,,IIGI,train,0
0.656253278647,,IIGL,train,0
0.938477824609,,IIGM,train,1
0.626524652718,,IIGN,train,0
1.23679184914,,IIGS,train,1
1.37250448617,,IIGT,train,1
2.01374779651,,IKGA,train,2
1.96778764502,,IKGC,train,2
1.50924390065,,IKGF,train,2
0.51457802565,,IKGG,train,0
0.694421222232,,IKGL,train,0
1.75339507118,,IKGM,train,2
0.202828296136,,IKGN,train,0
1.16230123577,,IKGS,train,1
1.20790599994,,IKGT,train,1
0.718269954763,,ILGA,train,1
0.772628381072,,ILGC,train,1
0.565703274078,,ILGM,train,0
0.971648800256,,IMGA,train,1
1.03947562617,,IMGC,train,1
0.952180112661,,IMGF,train,1
1.14177903358,,IMGM,train,1
0.562739607669,,IMGT,train,0
2.83147206953,,INGA,train,2
2.98625701168,,INGC,train,2
1.84492902732,,INGF,train,2
0.785653650069,,INGG,train,1
0.81982244221,,INGL,train,1
1.57685764739,,INGM,train,2
0.524825379174,,INGN,train,0
1.72210615414,,INGS,train,2
1.71846917827,,INGT,train,2
0.50964005877,,IPGA,train,0
1.47437931829,,IPGC,train,1
1.27015296212,,IQGA,train,1
1.23927632247,,IQGC,train,1
1.21814815472,,IQGF,train,1
0.563992120158,,IQGL,train,0
1.44254386743,,IQGM,train,1
0.765786484816,,IQGS,train,1
0.786126994903,,IQGT,train,1
2.52785843558,,IRGA,train,2
2.60475450272,,IRGC,train,2
1.87366777326,,IRGF,train,2
0.758466698862,,IRGG,train,1
0.522134737167,,IRGI,train,0
1.00011866859,,IRGL,train,1
2.01825001088,,IRGM,train,2
1.63909280207,,IRGS,train,2
1.71704829986,,IRGT,train,2
1.99953116735,,ISGA,train,2
2.75841958256,,ISGC,train,2
2.02124144392,,ISGF,train,2
0.544965696369,,ISGG,train,0
1.18856164175,,ISGL,train,1
0.810379654564,,ISGN,train,1
1.25819618804,,ISGS,train,1
1.43558977149,,ISGT,train,1
0.00268709151776,,ITEV,train,0
0.669504247815,,ITGA,train,0
1.16330192105,,ITGF,train,1
0.659397531466,,ITGL,train,0
0.856563374016,,ITGM,train,1
0.615739586653,,ITGT,train,0
1.91296776708,,IVGA,train,2
2.04850370771,,IVGC,train,2
1.5628370611,,IVGF,train,2
0.597859706677,,IVGI,train,0
0.808300355036,,IVGL,train,1
1.13308005941,,IVGM,train,1
0.635997332992,,IVGN,train,0
1.1621364284,,IVGS,train,1
1.35746000732,,IVGT,train,1
2.34593175792,,IWGA,train,2
3.95087308632,,IWGC,train,2
5.77203220934,,IWGF,train,2
0.963838077867,,IWGG,train,1
2.96336495851,,IWGI,train,2
3.91693721017,,IWGL,train,2
5.2292463054,,IWGM,train,2
3.22615288364,,IWGN,train,2
0.930539060421,,IWGQ,train,1
1.64189870025,,IWGS,train,2
1.66189759828,,IWGT,train,2
1.07726667247,,IWGW,train,1
0.50865158761,,IWGY,train,0
2.43521830222,,IYGA,train,2
4.4857497292,,IYGC,train,2
3.3642475223,,IYGF,train,2
1.1263519902,,IYGG,train,1
0.500124319636,,IYGH,train,0
3.04132338295,,IYGI,train,2
0.014630782997,,IYGK,train,0
3.70800407405,,IYGL,train,2
3.77421468466,,IYGM,train,2
3.67161299519,,IYGN,train,2
1.17504652082,,IYGQ,train,1
1.38606289347,,IYGS,train,1
0.675745101683,,IYGW,train,0
1.34456941279,,KAGC,train,1
0.00349321897308,,KAGK,train,0
0.838206675368,,KAGL,train,1
0.733766408156,,KCGC,train,1
0.568385932026,,KCGF,train,0
1.02964639647,,KCGL,train,1
2.38342064777,,KDCA,train,2
0.629160562888,,KDCG,train,0
0.780437138711,,KDLG,train,1
0.00450794958571,,KDQY,train,0
0.00233365141207,,KDRL,train,0
0.00275065712355,,KDWA,train,0
0.770080733319,,KEGM,train,1
0.00225582991614,,KFAV,train,0
1.52703572252,,KFGC,train,2
1.55673174997,,KFGF,train,2
0.845782411968,,KFGI,train,1
2.15633684049,,KFGL,train,2
4.16998216534,,KFGM,train,2
0.51671448366,,KFGQ,train,0
2.26928363375,,KHGC,train,2
1.44236354944,,KHGF,train,1
0.668916670273,,KHGI,train,0
1.85599533192,,KHGL,train,2
2.88940188474,,KHGM,train,2
0.695138892637,,KHGW,train,0
0.00301190477814,,KHQV,train,0
1.18622453197,,KIGC,train,1
0.547199316676,,KIGF,train,0
0.733067208254,,KIGL,train,1
1.28271000692,,KIGM,train,1
0.114270393365,,KIYV,train,0
0.00417083335582,,KKEV,train,0
0.0590504745731,,KKFV,train,0
1.2628518936,,KKGC,train,1
1.66152110768,,KKGM,train,2
0.607410335817,,KLGM,train,0
0.64827132511,,KMGC,train,0
0.606002323812,,KMGL,train,0
1.16235746241,,KMGM,train,1
0.667615534689,,KNGL,train,0
0.80809896269,,KQGC,train,1
0.589364999698,,KQGL,train,0
1.27592828724,,KQGM,train,1
0.00592155352987,,KQGP,train,0
1.52504876444,,KRGC,train,2
0.647521878491,,KRGF,train,0
0.516414661419,,KRGI,train,0
1.15823602414,,KRGL,train,1
1.90681590175,,KRGM,train,2
1.25907752291,,KSGC,train,1
0.578852844512,,KSGF,train,0
0.852774040181,,KSGL,train,1
0.00322030027846,,KTAV,train,0
0.750166925553,,KTGC,train,1
0.885719432356,,KTGM,train,1
1.48824943018,,KVGC,train,1
0.756622683025,,KVGF,train,1
0.507284266695,,KVGI,train,0
0.876018771479,,KVGL,train,1
1.60058610439,,KVGM,train,2
1.82842435196,,KWGC,train,2
3.23722872116,,KWGF,train,2
1.17616343676,,KWGI,train,1
3.42168346957,,KWGL,train,2
0.529393838471,,KWGQ,train,0
2.12193549531,,KYGC,train,2
2.21278288655,,KYGF,train,2
1.38834735951,,KYGI,train,1
2.66512746535,,KYGL,train,2
4.19608534008,,KYGM,train,2
1.1750594035,,KYGN,train,1
0.890770838136,,KYGQ,train,1
0.582883892032,,LACV,train,0
1.07474682361,,LAFV,train,1
2.21901727669,,LAGA,train,2
0.89537396516,,LAGF,train,1
0.858794449075,,LAGL,train,1
1.85629167668,,LAGM,train,2
0.639681847181,,LAGS,train,0
1.44550556695,,LAGT,train,1
1.34038014421,,LCFV,train,1
1.52777328151,,LCGA,train,2
1.13786111725,,LCGC,train,1
0.75139479363,,LCGF,train,1
0.640691617043,,LCGI,train,0
0.939958435829,,LCGL,train,1
1.65861588877,,LCGM,train,2
0.635934928522,,LCGS,train,0
1.08538751916,,LCGT,train,1
0.56391119882,,LCLV,train,0
3.09000409652,,LDAA,train,2
2.03342812129,,LDAC,train,2
1.15837857767,,LDAG,train,1
0.0069096639028,,LDAW,train,0
1.36300901636,,LDCC,train,1
2.09691704187,,LDCG,train,2
0.813898434675,,LDCS,train,1
1.73429748286,,LDFG,train,2
2.73490304077,,LDLA,train,2
3.18986349238,,LDLG,train,2
2.2726610662,,LDLT,train,2
2.47371286938,,LDMA,train,2
1.81399891329,,LDMG,train,2
0.988896116879,,LDSA,train,1
0.0196935290009,,LDVT,train,0
0.0120808081459,,LDWS,train,0
0.787613099485,,LDYG,train,1
0.504139708601,,LEGA,train,0
0.573996512693,,LEGC,train,0
0.590550690469,,LEGM,train,0
2.47369898132,,LFGA,train,2
3.35884837877,,LFGC,train,2
1.74921068929,,LFGF,train,2
0.675820071,,LFGG,train,0
1.54282393305,,LFGI,train,2
1.87469641246,,LFGL,train,2
2.86570385726,,LFGM,train,2
2.30880971394,,LFGN,train,2
0.620604087481,,LFGQ,train,0
1.26843506613,,LFGS,train,1
1.73700484996,,LFGT,train,2
1.34191200724,,LFGW,train,1
0.00413320768801,,LFIV,train,0
0.662016670236,,LGGC,train,0
0.537111207378,,LGGM,train,0
0.969508145759,,LHFV,train,1
3.31082193929,,LHGA,train,2
2.67328306446,,LHGC,train,2
1.03952054715,,LHGF,train,1
0.781852233996,,LHGG,train,1
1.20742845095,,LHGI,train,1
1.56755595149,,LHGL,train,2
2.81558334851,,LHGM,train,2
0.968789609184,,LHGN,train,1
2.0468347464,,LHGT,train,2
0.515860268941,,LHGW,train,0
0.00244717263224,,LHKV,train,0
1.29973202455,,LICV,train,1
2.08292020387,,LIFV,train,2
1.88657168006,,LIGA,train,2
1.75762656176,,LIGC,train,2
0.738626315962,,LIGF,train,1
0.673214001147,,LIGI,train,0
1.45341173174,,LIGM,train,1
1.21010020254,,LIGT,train,1
1.26073973101,,LILV,train,1
0.714201383614,,LKCV,train,1
0.85427447829,,LKFV,train,1
1.80687454575,,LKGA,train,2
1.70980757153,,LKGC,train,2
0.58430203466,,LKGF,train,0
0.548719814597,,LKGI,train,0
1.56614479646,,LKGM,train,2
0.593553459792,,LKLV,train,0
0.833024173034,,LLGA,train,1
0.692713149923,,LLGC,train,0
0.673096534211,,LLGM,train,0
0.00212880260047,,LLQV,train,0
0.991030989077,,LMGA,train,1
0.940689502789,,LMGC,train,1
0.508739601328,,LMGL,train,0
1.09891598551,,LMGM,train,1
0.727185063981,,LNCV,train,1
0.75163464743,,LNFV,train,1
2.55322335565,,LNGA,train,2
2.15673592712,,LNGC,train,2
0.905171290485,,LNGF,train,1
0.999324781061,,LNGI,train,1
0.781030607435,,LNGL,train,1
1.62419753962,,LNGM,train,2
0.901784727084,,LNGS,train,1
1.68997753998,,LNGT,train,2
0.581408643642,,LNLV,train,0
0.664675961772,,LPGC,train,0
0.698812957763,,LQFV,train,0
1.02543274006,,LQGA,train,1
0.996851239943,,LQGC,train,1
0.522901111337,,LQGL,train,0
1.33967835613,,LQGM,train,1
0.736577195839,,LQGT,train,1
1.087632281,,LRCV,train,1
0.00187407408418,,LREV,train,0
2.39363916881,,LRGA,train,2
2.0282166776,,LRGC,train,2
0.966718755212,,LRGF,train,1
0.826535904899,,LRGI,train,1
1.00454363759,,LRGL,train,1
1.95284376053,,LRGM,train,2
0.681290897187,,LRGS,train,0
1.6255456534,,LRGT,train,2
1.01484910457,,LRLV,train,1
1.51324175128,,LSFV,train,2
2.12572740674,,LSGA,train,2
2.15406566669,,LSGC,train,2
0.908667538718,,LSGI,train,1
0.842145690751,,LSGL,train,1
1.85587454498,,LSGM,train,2
0.601345597012,,LSGS,train,0
1.34347395265,,LSGT,train,1
0.564677713888,,LSGY,train,0
0.541385226287,,LTFV,train,0
0.816823665118,,LTGA,train,1
1.00540988566,,LTGC,train,1
0.502768441112,,LTGF,train,0
0.819056236761,,LTGM,train,1
0.725682922586,,LTGT,train,1
0.960044648033,,LVCV,train,1
1.90669707661,,LVFV,train,2
1.82537590996,,LVGA,train,2
1.83774351999,,LVGC,train,2
0.687400168723,,LVGF,train,0
0.737027781752,,LVGI,train,1
0.779272440099,,LVGL,train,1
1.58993231995,,LVGM,train,2
0.81023239932,,LVGS,train,1
1.20710010049,,LVGT,train,1
0.00177035624364,,LVIV,train,0
1.00907211985,,LVLV,train,1
1.00159983762,,LWCV,train,1
0.00274083334811,,LWEV,train,0
2.03773137664,,LWFV,train,2
2.74706776264,,LWGA,train,2
3.50389826225,,LWGC,train,2
0.649247048418,,LWGG,train,0
2.38844048907,,LWGI,train,2
2.90611162281,,LWGL,train,2
4.07080006436,,LWGM,train,2
1.77780417625,,LWGN,train,2
0.518946697894,,LWGQ,train,0
1.39603193899,,LWGS,train,1
2.08019625274,,LWGT,train,2
1.4913613837,,LWGW,train,1
1.3581238999,,LWLV,train,1
0.759299251406,,LYAV,train,1
0.727647046934,,LYCV,train,1
0.649828298711,,LYFV,train,0
3.48423401082,,LYGA,train,2
4.33564342865,,LYGC,train,2
0.509011907506,,LYGD,train,0
2.76982664869,,LYGF,train,2
1.1793151773,,LYGG,train,1
2.40421179022,,LYGI,train,2
2.61619145555,,LYGL,train,2
3.71875958096,,LYGM,train,2
3.31733074705,,LYGN,train,2
1.16210038058,,LYGQ,train,1
1.9707067733,,LYGS,train,2
2.68560179625,,LYGT,train,2
2.10780626136,,LYGW,train,2
0.330266622279,,LYLV,train,0
0.55557432732,,MACV,train,0
0.797294221986,,MAFV,train,1
0.967882343527,,MAGA,train,1
1.44239815593,,MAGC,train,1
0.518421191426,,MAGF,train,0
0.692517225956,,MAGI,train,0
0.585121726001,,MAGL,train,0
0.969687936263,,MAGM,train,1
0.593586193677,,MAGS,train,0
0.866472670156,,MCFV,train,1
0.854335156723,,MCGA,train,1
0.535637145745,,MCGF,train,0
0.611543296591,,MCGI,train,0
0.894068632272,,MCGM,train,1
0.0202572722968,,MCGP,train,0
0.565909713443,,MCGS,train,0
0.690051805522,,MCGT,train,0
0.0161225491065,,MCQV,train,0
2.42073233163,,MDAA,train,2
1.61258619591,,MDAC,train,2
0.555842809147,,MDAS,train,0
3.29414712261,,MDCA,train,2
1.47917990216,,MDCC,train,1
1.62144627042,,MDCG,train,2
0.00213294423978,,MDET,train,0
0.0860351275192,,MDFC,train,0
1.25533681232,,MDFG,train,1
0.00181512142259,,MDIW,train,0
0.0,,MDKK,train,0
1.25279158786,,MDLA,train,1
0.571920558639,,MDLC,train,0
2.29094357145,,MDLG,train,2
1.07126806409,,MDLT,train,1
0.00559353744512,,MDLY,train,0
1.53939038047,,MDMA,train,2
0.99355208869,,MDMG,train,1
0.724653564738,,MDNA,train,1
0.00435052912399,,MDNL,train,0
0.76171856835,,MDSA,train,1
0.006052313387,,MDSN,train,0
0.00264176708252,,MDVY,train,0
0.00282560138981,,MDYI,train,0
0.00176600086863,,MEGR,train,0
0.884743901838,,MFGA,train,1
2.48465053088,,MFGC,train,2
1.33150894514,,MFGF,train,1
1.53733538871,,MFGI,train,2
2.24917870628,,MFGM,train,2
2.10989351138,,MFGN,train,2
0.681472882711,,MFGS,train,0
0.691266581471,,MFGT,train,0
0.747891878213,,MFGW,train,1
0.472160366691,,MHCV,train,0
0.696822037655,,MHFV,train,0
1.75529965485,,MHGA,train,2
1.94725314857,,MHGC,train,2
1.387911355,,MHGF,train,1
1.26482719261,,MHGI,train,1
1.57460240416,,MHGL,train,2
2.20423137616,,MHGM,train,2
0.879686585625,,MHGN,train,1
1.04907759186,,MHGS,train,1
1.06918770545,,MHGT,train,1
0.811808734536,,MICV,train,1
1.17586454092,,MIFV,train,1
1.21846130334,,MIGA,train,1
0.55127242979,,MIGF,train,0
0.697432711116,,MIGI,train,0
0.92887143358,,MIGM,train,1
0.767139976104,,MIGS,train,1
0.795704402999,,MIGT,train,1
0.566179878482,,MKCV,train,0
1.1011418188,,MKGA,train,1
1.05955538377,,MKGC,train,1
0.024916666801,,MKGD,train,0
0.594734226508,,MKGI,train,0
0.548319022782,,MKGL,train,0
1.02646080473,,MKGM,train,1
0.528039062986,,MKGS,train,0
0.798322094251,,MKGT,train,1
0.0295745387302,,MLGG,train,0
0.507476426639,,MMGA,train,0
0.689834216096,,MMGC,train,0
0.822807084382,,MMGM,train,1
0.0140664853013,,MMMV,train,0
0.57189682848,,MNCV,train,0
0.527040570793,,MNFV,train,0
1.55672049566,,MNGA,train,2
1.50537405755,,MNGC,train,2
1.20924795253,,MNGI,train,1
0.715932340042,,MNGL,train,1
1.20341925491,,MNGM,train,1
0.925575071128,,MNGS,train,1
1.05385949796,,MNGT,train,1
0.00278257192702,,MPSV,train,0
0.620462440741,,MQGA,train,0
0.649862748602,,MQGC,train,0
0.728213044373,,MQGM,train,1
0.956641694845,,MRCV,train,1
0.749673941402,,MRFV,train,1
1.66130045644,,MRGA,train,2
1.49006936856,,MRGC,train,1
0.796311518489,,MRGF,train,1
0.874029952629,,MRGI,train,1
0.822386772564,,MRGL,train,1
1.32925000717,,MRGM,train,1
1.12527989552,,MRGT,train,1
0.521433695488,,MSCV,train,0
1.10004581786,,MSFV,train,1
1.26115450673,,MSGA,train,1
1.59104403931,,MSGC,train,2
0.774597242605,,MSGF,train,1
0.858613535983,,MSGI,train,1
0.807107804908,,MSGL,train,1
1.32034925903,,MSGM,train,1
0.725000821189,,MSGS,train,1
0.851382738731,,MSGT,train,1
0.685208337028,,MTGC,train,0
0.627708336718,,MTGM,train,0
0.00231293953427,,MTRV,train,0
0.793660813047,,MVCV,train,1
1.27222412354,,MVFV,train,1
1.07158032871,,MVGA,train,1
1.30852688878,,MVGC,train,1
0.541571081351,,MVGF,train,0
1.14737436843,,MVGM,train,1
0.731407990055,,MVGS,train,1
0.833396934318,,MVGT,train,1
0.62272411464,,MWCV,train,0
1.06209765916,,MWGA,train,1
2.84714007692,,MWGC,train,2
2.44291667984,,MWGF,train,2
0.589061643388,,MWGH,train,0
2.03812460169,,MWGI,train,2
2.60195673238,,MWGL,train,2
2.92314495958,,MWGM,train,2
1.56257292509,,MWGN,train,2
0.932498849149,,MWGS,train,1
0.678925624482,,MWGT,train,0
0.989373989074,,MWGW,train,1
0.53324767006,,MWLV,train,0
1.38191944788,,MYGA,train,1
3.15234114828,,MYGC,train,2
2.02482913077,,MYGF,train,2
2.34743076383,,MYGI,train,2
2.56984231822,,MYGM,train,2
2.56677819464,,MYGN,train,2
1.07392482463,,MYGT,train,1
1.10890224957,,MYGW,train,1
0.00139601019428,,MYTV,train,0
0.540238639276,,NAGC,train,0
0.755892986532,,NAGM,train,1
0.0123718171963,,NAGN,train,0
0.74334722623,,NCGM,train,1
0.00571006947523,,NCNV,train,0
1.1152356382,,NDCA,train,1
0.281022153414,,NDCG,train,0
0.0,,NDDI,train,0
0.0,,NDEY,train,0
0.00615917606317,,NDFI,train,0
0.00297916668273,,NDHA,train,0
0.0,,NDHI,train,0
0.0,,NDKP,train,0
0.00428255210642,,NDLS,train,0
0.0,,NDNL,train,0
0.00676748974842,,NDPW,train,0
0.00270032842178,,NDSE,train,0
0.0021496732142,,NDST,train,0
0.00375456623029,,NDTS,train,0
1.27266404436,,NFGL,train,1
1.73000463896,,NFGM,train,2
0.0,,NHEV,train,0
0.88660000478,,NHGC,train,1
0.98545417198,,NHGL,train,1
1.86100281115,,NHGM,train,2
0.642065589882,,NHGW,train,0
0.0477018193329,,NIGN,train,0
0.00240423977904,,NKAV,train,0
0.00682769873195,,NLGN,train,0
0.0139579476061,,NMGT,train,0
0.0,,NNGK,train,0
0.613619406294,,NRGM,train,0
0.729464554787,,NSGM,train,1
0.000590696842265,,NTGY,train,0
0.51217154812,,NVGC,train,0
0.567711584045,,NVGM,train,0
0.0428733708084,,NWGA,train,0
0.959291671839,,NWGF,train,1
2.15036986756,,NWGL,train,2
3.06137148543,,NWGM,train,2
0.838509185312,,NYGC,train,1
1.11245588835,,NYGF,train,1
1.95497293898,,NYGL,train,2
2.71636162179,,NYGM,train,2
0.60543781421,,NYGN,train,0
0.0028063140083,,PAFV,train,0
0.00609074077358,,PCHV,train,0
0.00489434526448,,PDFF,train,0
0.0,,PDFY,train,0
0.0195773810579,,PDHE,train,0
0.0,,PDKM,train,0
0.0,,PDNK,train,0
0.0,,PDQS,train,0
0.00197894104557,,PDRS,train,0
0.00230322130093,,PDVW,train,0
0.00577017546971,,PEGE,train,0
0.00514365507688,,PEGP,train,0
0.00208164558084,,PEGS,train,0
0.0195773810579,,PHGG,train,0
0.0131770834044,,PICV,train,0
0.0039436451052,,PIKV,train,0
0.000991259800402,,PKVV,train,0
0.00495331327972,,PMGE,train,0
0.0023922485582,,PMSV,train,0
0.00268709151776,,PNIV,train,0
0.00480847955809,,PPTV,train,0
0.00439236113479,,PRPV,train,0
0.00438923489911,,PTAV,train,0
0.00263541668088,,PTQV,train,0
0.000796753880265,,PTTV,train,0
1.38119098446,,QAGC,train,1
0.197915086633,,QAGI,train,0
0.533997001137,,QAGL,train,0
1.74401391721,,QAGM,train,2
0.934819945516,,QCGC,train,1
0.651320316012,,QCGL,train,0
1.4135309065,,QCGM,train,1
0.0137413054038,,QCGR,train,0
0.669892853825,,QDAA,train,0
2.64303835541,,QDCA,train,2
1.15765117426,,QDCG,train,1
0.00422750644953,,QDDG,train,0
0.193591551598,,QDFA,train,0
0.905693153031,,QDFG,train,1
1.60054324762,,QDLG,train,2
0.671389009222,,QDLT,train,0
0.00270340163319,,QDVL,train,0
0.503720723437,,QDYG,train,0
0.607371456049,,QEGM,train,0
0.0134418860374,,QEGN,train,0
1.71177500923,,QFGC,train,2
1.22688176056,,QFGF,train,1
0.619536290722,,QFGI,train,0
1.50097727563,,QFGL,train,2
2.5805060492,,QFGM,train,2
0.579297122465,,QFGN,train,0
0.00234259260522,,QGMV,train,0
0.00356624695872,,QGRV,train,0
0.590272225405,,QHGA,train,0
2.05908565925,,QHGC,train,2
0.929925600252,,QHGF,train,1
0.0672928617726,,QHGG,train,0
1.23548333999,,QHGL,train,1
1.14829226527,,QIGC,train,1
1.01026852397,,QIGM,train,1
0.00105619782201,,QITV,train,0
1.15215665618,,QKGC,train,1
1.69473236382,,QKGM,train,2
0.0196441980581,,QKYV,train,0
0.506754951786,,QLGM,train,0
0.641985927726,,QMGC,train,0
1.0030283742,,QMGM,train,1
0.0013602150611,,QMQV,train,0
0.908919599495,,QNGC,train,1
1.1764969887,,QNGM,train,1
0.832842597083,,QQGC,train,1
1.25276138887,,QQGM,train,1
0.00480404369134,,QQGP,train,0
1.30179892262,,QRGC,train,1
0.599144603067,,QRGL,train,0
1.72491966998,,QRGM,train,2
0.574460843206,,QSFV,train,0
1.26698900054,,QSGC,train,1
0.453945160035,,QSGF,train,0
0.209185087367,,QSGI,train,0
0.562299533225,,QSGL,train,0
1.58581761761,,QSGM,train,2
0.633713892306,,QTGC,train,0
0.657589978003,,QTGM,train,0
0.525439462404,,QVFV,train,0
1.46601126019,,QVGC,train,1
0.562874639814,,QVGL,train,0
1.37326676073,,QVGM,train,1
2.55602287092,,QWGC,train,2
2.16221297462,,QWGF,train,2
0.990080768921,,QWGI,train,1
2.61327006692,,QWGL,train,2
3.54309810938,,QWGM,train,2
0.522239867681,,QWGQ,train,0
2.97910679998,,QYGC,train,2
1.96119293775,,QYGF,train,2
0.601598077853,,QYGH,train,0
1.14162677169,,QYGI,train,1
2.2686091642,,QYGL,train,2
3.28900001773,,QYGM,train,2
0.949206354324,,QYGQ,train,1
0.202912524114,,QYGW,train,0
1.18636203822,,RAGC,train,1
0.776451105223,,RAGL,train,1
1.73733858626,,RAGM,train,2
0.91551674113,,RCGL,train,1
1.64607520045,,RCGM,train,2
1.60706935561,,RDCA,train,2
0.00256838466356,,RDDN,train,0
0.00571006947523,,RDEC,train,0
0.0016903818006,,RDEY,train,0
0.00229935683566,,RDIN,train,0
0.00283290268539,,RDNK,train,0
0.00376192812486,,RDNN,train,0
0.00223267623665,,RDTS,train,0
0.719975926972,,REGM,train,1
1.67424975777,,RFGC,train,2
1.55039983105,,RFGF,train,2
1.06760505769,,RFGI,train,1
2.06822422043,,RFGL,train,2
3.29406521283,,RFGM,train,2
0.599672262741,,RFGN,train,0
0.514232542455,,RFGQ,train,0
0.000941867129935,,RFQV,train,0
2.32471316626,,RHGC,train,2
1.09482738686,,RHGF,train,1
0.796762470603,,RHGI,train,1
1.8046819203,,RHGL,train,2
3.00074638806,,RHGM,train,2
0.696796419198,,RHGW,train,0
1.25068553306,,RIGC,train,1
0.724815152347,,RIGL,train,1
1.30767187982,,RIGM,train,1
1.14064381254,,RKGC,train,1
0.678548422983,,RKGL,train,0
1.60331829568,,RKGM,train,2
0.0275635456801,,RKGS,train,0
0.00566934144759,,RKGW,train,0
0.66396715588,,RLGM,train,0
0.665604659958,,RMGC,train,0
1.2008929604,,RMGM,train,1
0.798941862367,,RNGC,train,1
0.62954729152,,RNGL,train,0
1.311801126,,RNGM,train,1
0.85128612016,,RQGC,train,1
0.53154241672,,RQGL,train,0
1.31139577895,,RQGM,train,1
1.37390977072,,RRGC,train,1
0.520124431133,,RRGI,train,0
1.03039124659,,RRGL,train,1
1.86889118099,,RRGM,train,2
1.70421245428,,RSGM,train,2
0.605170058775,,RTGC,train,0
0.00265413171218,,RTGE,train,0
0.8156021065,,RTGM,train,1
1.41164706643,,RVGC,train,1
0.575536220339,,RVGF,train,0
0.545696087686,,RVGI,train,0
0.822011606317,,RVGL,train,1
1.67193105957,,RVGM,train,2
0.00211375322476,,RWGE,train,0
3.26022883894,,RWGF,train,2
1.45704404931,,RWGI,train,1
3.12250813527,,RWGL,train,2
3.9827949254,,RWGM,train,2
0.580674227937,,RWGQ,train,0
2.33860715547,,RYGC,train,2
1.94062917713,,RYGF,train,2
0.536657727103,,RYGH,train,0
1.36826277751,,RYGI,train,1
2.43255743886,,RYGL,train,2
3.47908018281,,RYGM,train,2
0.938949549333,,RYGN,train,1
0.950659125861,,RYGQ,train,1
0.165331770328,,RYGW,train,0
0.735221481627,,SAGC,train,1
0.534808250208,,SAGL,train,0
1.45080725848,,SAGM,train,1
0.532523387731,,SCGL,train,0
1.05305702322,,SCGM,train,1
0.0087473404727,,SCRV,train,0
2.23224020811,,SDCA,train,2
0.0,,SDEN,train,0
0.00660441770629,,SDMS,train,0
0.00349150744982,,SDTI,train,0
1.3640320373,,SFGC,train,1
1.65994753981,,SFGF,train,2
1.52157422137,,SFGH,train,2
0.649458336835,,SFGI,train,0
1.85938134336,,SFGL,train,2
2.93000804148,,SFGM,train,2
1.13362097385,,SFGN,train,1
0.00163534209315,,SGPV,train,0
1.62470843327,,SHGC,train,2
0.0241664875855,,SHGE,train,0
1.34389248036,,SHGF,train,1
0.942762982182,,SHGH,train,1
2.86707090066,,SHGM,train,2
0.530187137362,,SHGT,train,0
1.80728889863,,SHGW,train,2
0.00530483873828,,SHWV,train,0
0.54278006073,,SIGC,train,0
0.520697293082,,SIGM,train,0
0.525687892523,,SKGC,train,0
0.874943757599,,SKGM,train,1
0.338682516472,,SKGT,train,0
0.0344598372056,,SMGI,train,0
0.61612431839,,SMGM,train,0
0.750197168993,,SNGM,train,1
0.754811892708,,SQGM,train,1
0.00836129758423,,SRFV,train,0
0.75420666783,,SRGC,train,1
1.01808085035,,SRGM,train,1
0.65284507681,,SSGC,train,0
1.32898077167,,SSGM,train,1
0.00596481686205,,STFV,train,0
0.00114519499225,,STMV,train,0
0.608148432864,,SVGC,train,0
0.794435621567,,SVGM,train,1
0.517922991298,,SVGS,train,0
1.33073457508,,SWGC,train,1
1.73563441796,,SWGH,train,2
0.791332067275,,SWGI,train,1
2.83120677202,,SWGL,train,2
4.39903752372,,SWGM,train,2
0.70773573441,,SWGN,train,1
0.5371445516,,SWGQ,train,0
1.88432292683,,SWGY,train,2
2.06049039572,,SYGC,train,2
2.4047833463,,SYGF,train,2
2.62405001415,,SYGH,train,2
3.63323563467,,SYGM,train,2
1.85699158305,,SYGN,train,2
1.04885433636,,SYGQ,train,1
0.639527781226,,SYGY,train,0
1.60367908666,,TAGC,train,2
0.582427086474,,TAGI,train,0
0.884699371859,,TAGL,train,1
0.517712965754,,TCGC,train,0
1.13387900155,,TCGL,train,1
1.19600000645,,TCGM,train,1
0.51432922088,,TCGS,train,0
1.22423889549,,TDAA,train,1
0.0818690480605,,TDAL,train,0
2.4667500133,,TDCA,train,2
0.0,,TDEH,train,0
0.697666670428,,TDFG,train,0
0.0137041667406,,TDFW,train,0
0.0,,TDIM,train,0
0.971038100474,,TDLG,train,1
0.00783095242317,,TDLY,train,0
0.0,,TDNK,train,0
0.0109633333924,,TDNL,train,0
0.0,,TDTI,train,0
0.509011907506,,TEGC,train,0
0.68048276229,,TEGM,train,0
2.7473591418,,TFGC,train,2
1.74584174611,,TFGF,train,2
0.813944448833,,TFGH,train,1
1.38778815302,,TFGI,train,1
2.66025520032,,TFGL,train,2
4.06258101879,,TFGM,train,2
0.0205562501108,,TGCV,train,0
1.10879167264,,THGA,train,1
3.30613022616,,THGC,train,2
1.65465124349,,THGF,train,2
0.751972226277,,THGH,train,1
1.07141667244,,THGI,train,1
2.56588653866,,THGM,train,2
0.792619373643,,THGN,train,1
0.529479169521,,THGS,train,0
1.0501024153,,THGT,train,1
1.46939121163,,THGW,train,1
1.46810974389,,TIGC,train,1
0.607799863807,,TIGL,train,0
0.689199841904,,TIGM,train,0
1.1209700435,,TKGC,train,1
0.642950531805,,TKGL,train,0
1.56443072005,,TKGM,train,2
0.53057348259,,TKGT,train,0
0.00423840208471,,TKSV,train,0
0.607504298808,,TMGC,train,0
0.515087646455,,TMGL,train,0
1.04814286279,,TMGM,train,1
0.658871339057,,TNGA,train,0
1.34197406384,,TNGC,train,1
0.644665447649,,TNGL,train,0
1.09164815403,,TNGM,train,1
1.00070301682,,TNGS,train,1
1.0543643286,,TNGT,train,1
0.634307146277,,TQGC,train,0
0.582427086474,,TQGL,train,0
1.70899020529,,TQGM,train,2
0.650021962964,,TRGA,train,0
1.44750261197,,TRGC,train,1
0.989487293471,,TRGL,train,1
1.57545611536,,TRGM,train,2
0.738797765177,,TRGT,train,1
1.74123530351,,TSGC,train,2
0.613081143656,,TSGF,train,0
1.05695942734,,TSGL,train,1
0.00217526456199,,TSPV,train,0
0.727505147955,,TTGC,train,1
0.516932101553,,TTGL,train,0
0.572115698878,,TTGM,train,0
0.16728534573,,TTGS,train,0
1.42294931323,,TVGC,train,1
1.14410933339,,TVGM,train,1
4.52237502438,,TWGF,train,2
0.969080362368,,TWGH,train,1
1.8856933435,,TWGI,train,2
3.35675095443,,TWGL,train,2
4.32304168998,,TWGM,train,2
0.864416671327,,TWGN,train,1
0.822250004433,,TWGQ,train,1
0.849658337914,,TWGY,train,1
3.42604168514,,TYGC,train,2
3.17788515227,,TYGF,train,2
2.39137709623,,TYGH,train,2
2.65518230598,,TYGI,train,2
3.98651748656,,TYGL,train,2
5.24272225049,,TYGM,train,2
2.7475183075,,TYGN,train,2
0.919321185512,,TYGQ,train,1
0.511478349214,,TYGT,train,0
2.70508334792,,VAAC,train,2
2.48273820783,,VAAG,train,2
0.00346940930141,,VAAK,train,0
0.937565553836,,VAAL,train,1
1.60005406268,,VAAM,train,2
0.780083337539,,VAAS,train,1
5.72674650354,,VACA,train,2
1.56268408803,,VACC,train,2
2.21876985323,,VACG,train,2
0.0116907583569,,VACP,train,0
2.71922293133,,VAFA,train,2
0.591770836524,,VAFC,train,0
1.96140886474,,VAFT,train,2
0.00595833336546,,VAHA,train,0
1.69560029163,,VALA,train,2
4.17536308294,,VALG,train,2
2.52792223585,,VALT,train,2
1.936855566,,VAMA,train,2
1.60877547164,,VASA,train,2
0.00403063727663,,VATN,train,0
0.517332294456,,VAVG,train,0
0.699633775702,,VAYA,train,0
2.37058042214,,VAYG,train,2
4.08122872383,,VCAA,train,2
1.07714750581,,VCAC,train,1
2.68026811682,,VCAG,train,2
0.887467345376,,VCAL,train,1
1.30371497753,,VCAM,train,1
1.07777561345,,VCAS,train,1
2.41653627257,,VCCA,train,2
1.51736496802,,VCCC,train,2
1.21967083991,,VCCG,train,1
0.542635839996,,VCCL,train,0
0.00858950621915,,VCDR,train,0
0.0,,VCEI,train,0
2.05928922679,,VCFA,train,2
0.0302766474501,,VCFF,train,0
0.0342993934348,,VCFL,train,0
0.0256953126385,,VCFQ,train,0
1.70549430306,,VCFT,train,2
0.0202192624041,,VCHP,train,0
1.2816034819,,VCLA,train,1
3.22902249409,,VCLG,train,2
1.98243230236,,VCLT,train,2
1.64638374313,,VCMA,train,2
0.00311458335013,,VCPC,train,0
0.0247293234416,,VCPG,train,0
0.0102873101538,,VCPP,train,0
1.21394500864,,VCSA,train,1
0.577783733274,,VCVG,train,0
0.506342264635,,VCYA,train,0
2.02487848314,,VEAA,train,2
1.13786111725,,VEAG,train,1
0.00160282651936,,VEAH,train,0
0.779786389181,,VEAM,train,1
1.69706393609,,VECA,train,2
0.704290088186,,VECG,train,1
0.0,,VEEA,train,0
0.574979169767,,VEFA,train,0
1.82056678686,,VEFG,train,2
0.0,,VEHM,train,0
1.3146298006,,VELG,train,1
0.0102461059742,,VESM,train,0
0.00215813649458,,VETR,train,0
0.0,,VEWW,train,0
0.624550549815,,VEYG,train,0
4.29355373364,,VFAA,train,2
2.11240551502,,VFAC,train,2
3.27674889154,,VFAG,train,2
0.923313180986,,VFAM,train,1
1.11861861974,,VFAS,train,1
4.04086954162,,VFCA,train,2
1.51540956448,,VFCC,train,2
3.55116668581,,VFCG,train,2
0.0436570062046,,VFCL,train,0
1.27648201001,,VFFG,train,1
1.52665483962,,VFLG,train,2
0.664897221075,,VFMG,train,0
0.00806127455327,,VFMH,train,0
0.0,,VFQE,train,0
0.00245814650055,,VFRH,train,0
0.00303189529658,,VFTL,train,0
0.0245647021945,,VFVT,train,0
3.35243770354,,VGAA,train,2
0.498782284972,,VGAC,train,0
1.36135606795,,VGAG,train,1
0.0474375002558,,VGAI,train,0
3.19809118886,,VGCA,train,2
0.639527781226,,VGCC,train,0
1.43087623321,,VGCG,train,1
0.0165110442657,,VGCN,train,0
0.00556514385403,,VGCR,train,0
0.0310283020541,,VGCS,train,0
1.73132143791,,VGFG,train,2
0.0,,VGKN,train,0
2.23668006072,,VGLG,train,2
0.520758336141,,VGQC,train,0
0.00124583334005,,VGVQ,train,0
0.627963083555,,VGYG,train,0
0.00415277780017,,VGYL,train,0
5.11062351873,,VHAA,train,2
3.28257618957,,VHAC,train,2
4.1690386771,,VHAG,train,2
1.0899186229,,VHAL,train,1
1.60269068661,,VHAM,train,2
0.00451785716722,,VHAQ,train,0
1.76638648011,,VHAS,train,2
5.06357347363,,VHCA,train,2
2.18880634983,,VHCC,train,2
3.42008335177,,VHCG,train,2
0.0112857843746,,VHCR,train,0
0.702555383535,,VHCS,train,1
2.66496489384,,VHFA,train,2
4.17229585583,,VHFG,train,2
1.98052308036,,VHFT,train,2
0.0,,VHII,train,0
1.33573328909,,VHLA,train,1
3.72222851469,,VHLG,train,2
1.48295420226,,VHLT,train,1
2.04981112216,,VHMA,train,2
0.00318701552106,,VHNY,train,0
2.32853202257,,VHSA,train,2
0.0,,VHTN,train,0
0.66396479588,,VHVG,train,0
0.708836210718,,VHYA,train,1
2.0933611224,,VHYG,train,2
4.68261199992,,VIAA,train,2
3.18296121935,,VIAC,train,2
3.06552543147,,VIAG,train,2
2.40467539043,,VIAM,train,2
2.57096513704,,VIAS,train,2
3.97652237916,,VICA,train,2
2.15550283648,,VICC,train,2
0.00489434526448,,VICF,train,0
2.41149127644,,VICG,train,2
0.570503857702,,VICS,train,0
0.529762992465,,VICT,train,0
0.0,,VIDE,train,0
1.22076232222,,VIFA,train,1
3.60624166907,,VIFG,train,2
1.07859331757,,VIFT,train,1
0.00761342596698,,VIKF,train,0
0.861653105421,,VILA,train,1
3.09598358477,,VILG,train,2
0.00251452600744,,VILQ,train,0
1.60633190521,,VILT,train,2
1.20626244655,,VIMA,train,1
1.19776575449,,VIMG,train,1
0.00240423977904,,VINP,train,0
0.0109633333924,,VIQC,train,0
1.93062892634,,VISA,train,2
0.0,,VIWH,train,0
1.38686167414,,VIYG,train,1
4.61646916069,,VKAA,train,2
2.81135771496,,VKAG,train,2
0.839470848882,,VKAL,train,1
1.58769984409,,VKAM,train,2
1.15387327011,,VKAS,train,1
3.99710559096,,VKCA,train,2
1.89068682105,,VKCG,train,2
0.00142751736881,,VKDE,train,0
0.848155197105,,VKFA,train,1
2.7206306453,,VKFG,train,2
0.747699337365,,VKFT,train,1
0.00146568628241,,VKHL,train,0
0.692544614726,,VKLA,train,0
2.48725231,,VKLG,train,2
0.0139838436128,,VKLN,train,0
1.05592673749,,VKMA,train,1
0.968367278952,,VKMG,train,1
0.0242858651098,,VKMI,train,0
0.00177976191436,,VKQT,train,0
0.00911650577161,,VKRA,train,0
1.60047626079,,VKSA,train,2
0.0340497131807,,VKTA,train,0
0.0028337162703,,VKVL,train,0
0.782417824288,,VKYG,train,1
0.00174575372491,,VKYM,train,0
2.69846687185,,VLAA,train,2
1.41879501982,,VLAG,train,1
0.692688194118,,VLAM,train,0
2.45803476662,,VLCA,train,2
0.745346302778,,VLCC,train,1
0.049833333602,,VLCD,train,0
1.84657839979,,VLFG,train,2
0.00120211988952,,VLHK,train,0
0.00303974123635,,VLIF,train,0
1.79149678967,,VLLG,train,2
0.601671933069,,VLMG,train,0
0.00215136055582,,VLNN,train,0
0.00849524202514,,VLRC,train,0
0.00781235158606,,VLSI,train,0
0.507825399563,,VLYG,train,0
2.89862119544,,VMAA,train,2
1.25683258936,,VMAC,train,1
0.584067726154,,VMAS,train,0
2.13424298339,,VMCA,train,2
0.974362750352,,VMCG,train,1
0.00491188772063,,VMFF,train,0
1.22231550367,,VMFG,train,1
0.0301882595394,,VMFP,train,0
0.0,,VMHY,train,0
1.28834144593,,VMLG,train,1
0.0,,VMNM,train,0
0.00733060925201,,VMPA,train,0
0.593946058301,,VMSA,train,0
0.00564732145902,,VMSF,train,0
2.97538543271,,VNAC,train,2
3.8542573341,,VNAG,train,2
1.2205530824,,VNAL,train,1
1.76928367788,,VNAS,train,2
5.43037947261,,VNCA,train,2
1.81769377258,,VNCC,train,2
4.19664281995,,VNCG,train,2
0.667687027953,,VNCS,train,0
1.74621062139,,VNFA,train,2
3.87539580498,,VNFG,train,2
1.71226230936,,VNFT,train,2
1.44071470517,,VNLA,train,1
4.64959878129,,VNLG,train,2
2.36604846856,,VNLT,train,2
2.01058334417,,VNMA,train,2
1.84146032739,,VNMG,train,2
0.00875157237423,,VNNS,train,0
2.26842784531,,VNSA,train,2
0.0276895555295,,VNST,train,0
0.624910003369,,VNVG,train,0
0.00333434713882,,VNVW,train,0
0.00231293953427,,VNWL,train,0
0.0,,VNWN,train,0
0.00929096050207,,VNWY,train,0
1.49419624462,,VNYG,train,1
0.00150595238907,,VNYR,train,0
3.29322969883,,VPCA,train,2
0.922690481165,,VPCG,train,1
0.60211323076,,VPFA,train,0
1.16697337399,,VPFG,train,1
0.0,,VPHE,train,0
0.00424935402808,,VPIF,train,0
0.953659822493,,VPLG,train,1
0.0,,VPNI,train,0
0.00261031747439,,VPWQ,train,0
3.55595107246,,VQAA,train,2
1.78496771796,,VQAC,train,2
1.80705977986,,VQAG,train,2
0.607386891548,,VQAL,train,0
1.33176389607,,VQAM,train,1
3.35940674594,,VQCA,train,2
0.874291143954,,VQCC,train,1
1.32435224804,,VQCG,train,1
0.876455900733,,VQFA,train,1
2.62663195861,,VQFG,train,2
0.836284392059,,VQFT,train,1
1.8024463374,,VQLG,train,2
1.20616105851,,VQLT,train,1
0.718707411282,,VQMA,train,1
0.0,,VQME,train,0
0.586071811671,,VQMG,train,0
0.0,,VQPH,train,0
0.0,,VQRW,train,0
0.985148590217,,VQSA,train,1
0.0,,VQWH,train,0
0.872434277004,,VQYG,train,1
5.33546016514,,VRAA,train,2
3.32623960127,,VRAC,train,2
1.27961503037,,VRAL,train,1
2.20908312823,,VRAM,train,2
1.71888022128,,VRAS,train,2
0.52468052268,,VRAT,train,0
4.79762715806,,VRCA,train,2
1.71925000927,,VRCC,train,2
0.00866355368656,,VRCE,train,0
2.72017633207,,VRCG,train,2
0.0518298613906,,VRCL,train,0
0.00276851853345,,VREM,train,0
1.24902388885,,VRFA,train,1
3.44566618384,,VRFG,train,2
1.36637231157,,VRFT,train,1
0.0282560138981,,VRHG,train,0
0.0,,VRHH,train,0
1.18303872246,,VRLA,train,1
3.68220549931,,VRLG,train,2
0.340374822789,,VRLP,train,0
2.33592919595,,VRLT,train,2
1.63906903129,,VRMA,train,2
0.00622916670025,,VRMF,train,0
1.75714682448,,VRMG,train,2
0.0,,VRMK,train,0
2.50341668016,,VRSA,train,2
0.00621907080609,,VRSN,train,0
0.00176070664761,,VRTQ,train,0
0.00559353744512,,VRVM,train,0
0.0,,VRWF,train,0
0.00817050591578,,VRWS,train,0
1.4814377717,,VRYG,train,1
0.00220147256876,,VRYY,train,0
5.44604035341,,VSAA,train,2
2.95837501595,,VSAC,train,2
3.38535993288,,VSAG,train,2
1.42205556322,,VSAL,train,1
2.27097620272,,VSAM,train,2
1.13852254311,,VSAS,train,1
5.39813473309,,VSCA,train,2
2.10106128584,,VSCC,train,2
0.0187407408418,,VSCF,train,0
0.000830555560034,,VSEH,train,0
3.78311870284,,VSFG,train,2
0.0299522207204,,VSFI,train,0
1.56489787026,,VSFT,train,2
0.0274083334811,,VSID,train,0
0.0023750722254,,VSIN,train,0
0.00274083334811,,VSKA,train,0
1.95564963255,,VSLA,train,2
0.514426927799,,VSLC,train,0
4.04237779957,,VSLG,train,2
0.0450461036379,,VSLH,train,0
2.26712282638,,VSLT,train,2
2.2031360713,,VSMA,train,2
1.91031632894,,VSMG,train,2
2.05544361907,,VSSA,train,2
0.00242858651098,,VSSW,train,0
0.64272855132,,VSVG,train,0
1.92835151284,,VSYG,train,2
2.69898332703,,VTAA,train,2
1.24650160314,,VTAC,train,1
0.764313689758,,VTAM,train,1
0.542870373297,,VTAS,train,0
2.60379168071,,VTCA,train,2
0.845090282334,,VTCC,train,1
1.48968306243,,VTCG,train,1
0.72120345853,,VTFA,train,1
1.81090774786,,VTFG,train,2
0.0,,VTKH,train,0
1.5488624197,,VTLG,train,2
0.563361666217,,VTLT,train,0
0.513084002766,,VTMA,train,0
0.539733336243,,VTMG,train,0
0.0126500000682,,VTQT,train,0
0.688221245105,,VTSA,train,0
0.00256752538465,,VTSK,train,0
0.696715652611,,VTYG,train,0
0.00142012090576,,VTYY,train,0
4.50273082633,,VVAA,train,2
2.56221724228,,VVAC,train,2
3.23050001742,,VVAG,train,2
0.982882287384,,VVAL,train,1
2.01304144212,,VVAM,train,2
2.08342349878,,VVAS,train,2
0.633648105727,,VVAT,train,0
3.33699351307,,VVCA,train,2
1.45490852915,,VVCC,train,1
2.10130556689,,VVCG,train,2
0.00563957479035,,VVCQ,train,0
0.00544536426777,,VVCY,train,0
1.4671188968,,VVFA,train,1
3.24341812404,,VVFG,train,2
1.22034387631,,VVFT,train,1
0.930615900971,,VVLA,train,1
1.51276007068,,VVLT,train,2
1.2409738754,,VVMA,train,1
1.29519831525,,VVMG,train,1
0.0,,VVRY,train,0
1.81499669454,,VVSA,train,2
0.00120211988952,,VVTN,train,0
0.549973812489,,VVVG,train,0
1.37820313243,,VVYG,train,1
6.12380479492,,VWAA,train,2
2.59276533965,,VWAC,train,2
4.84434038757,,VWAG,train,2
2.30705376131,,VWAL,train,2
3.19099446165,,VWAM,train,2
1.80545107356,,VWAS,train,2
5.35994265185,,VWCA,train,2
5.18361409639,,VWCG,train,2
0.557525612762,,VWCM,train,0
0.520273232894,,VWCS,train,0
1.38026791213,,VWFT,train,1
0.00394582874036,,VWIL,train,0
1.33535652759,,VWLA,train,1
4.37486173455,,VWLG,train,2
1.48412307302,,VWLT,train,1
1.41026138793,,VWMA,train,1
0.0114799302539,,VWME,train,0
2.52432002883,,VWMG,train,2
0.00478330427245,,VWNA,train,0
1.20876449927,,VWVG,train,1
2.15567383575,,VWYG,train,2
5.15691840607,,VYAA,train,2
2.97873768273,,VYAC,train,2
4.22909261539,,VYAG,train,2
0.552167886189,,VYAI,train,0
1.4740072258,,VYAL,train,1
1.25278924287,,VYAM,train,1
1.71210501126,,VYAS,train,2
5.36005356091,,VYCA,train,2
0.00721271933713,,VYCE,train,0
4.46364288121,,VYCG,train,2
0.00355952382872,,VYET,train,0
1.7054074166,,VYFG,train,2
2.26941001224,,VYLG,train,2
1.24604272381,,VYMG,train,1
0.0391547621159,,VYQC,train,0
1.07722656831,,VYVG,train,1
1.10949480902,,WACV,train,1
4.88098043902,,WAFV,train,2
1.82390103332,,WAGA,train,2
1.00817692775,,WAGC,train,1
0.714527347603,,WAGF,train,1
0.814712712726,,WAGG,train,1
0.649091473372,,WAGL,train,0
1.10516061726,,WAGM,train,1
1.45605722983,,WAGS,train,1
1.29630410549,,WAGT,train,1
2.72706080705,,WALV,train,2
0.936218329878,,WAMV,train,1
4.09561439568,,WCFV,train,2
0.875950134047,,WCGC,train,1
0.552302736043,,WCGF,train,0
0.769369215608,,WCGL,train,1
1.10793720609,,WCGM,train,1
0.0523935959914,,WCGP,train,0
0.0979518385602,,WCGQ,train,0
1.3952602238,,WCGS,train,1
1.19290206676,,WCGT,train,1
2.31670882603,,WCLV,train,2
0.761435161147,,WCMV,train,1
1.46956156367,,WDAA,train,1
3.34749252293,,WDCA,train,2
0.950275772667,,WDCC,train,1
1.81644423986,,WDCG,train,2
0.822622400269,,WDCI,train,1
2.89364707443,,WDFA,train,2
2.72347392191,,WDFG,train,2
1.71330084598,,WDFT,train,2
0.00154849341701,,WDHN,train,0
3.1097007398,,WDLA,train,2
2.80703144169,,WDLC,train,2
3.08751613768,,WDLG,train,2
2.34416327238,,WDMA,train,2
1.60042444557,,WDMG,train,2
0.645378492806,,WDMI,train,0
0.817218754406,,WDMT,train,1
0.000783095242317,,WDNW,train,0
0.00132194534475,,WDPE,train,0
0.634021437269,,WDRA,train,0
0.0119617125502,,WDRG,train,0
0.240902320823,,WDSA,train,0
0.146775942731,,WDVG,train,0
0.00197751323818,,WDVK,train,0
0.990705627631,,WDWY,train,1
2.09762032036,,WEFV,train,2
1.17292054957,,WELV,train,1
1.08882831912,,WFCV,train,1
2.76437103908,,WFFV,train,2
1.4859946078,,WFGA,train,1
1.56224515185,,WFGC,train,2
1.56603930795,,WFGF,train,2
0.595584307197,,WFGG,train,0
0.572173223361,,WFGH,train,0
1.63865406426,,WFGL,train,2
1.97110561661,,WFGM,train,2
1.53384105537,,WFGN,train,2
0.693731971462,,WFGS,train,0
0.546491599585,,WFGT,train,0
2.50198076876,,WFGW,train,2
0.783286521077,,WFGY,train,1
2.01474262727,,WFLV,train,2
1.03241174239,,WFMV,train,1
4.13754720699,,WHFV,train,2
2.00725736376,,WHGA,train,2
1.04639442655,,WHGF,train,1
0.857198381462,,WHGG,train,1
1.31654166203,,WHGL,train,1
1.84808694724,,WHGM,train,2
0.528560708446,,WHGN,train,0
1.09444473745,,WHGT,train,1
1.32838109525,,WHGW,train,1
0.623423449689,,WHGY,train,0
1.38281240277,,WHMV,train,1
1.26450874468,,WICV,train,1
4.92709517832,,WIFV,train,2
1.22656057209,,WIGA,train,1
1.04441207209,,WIGC,train,1
0.544930314317,,WIGG,train,0
0.00671714080938,,WIGK,train,0
0.595003500039,,WIGL,train,0
0.914048699192,,WIGM,train,1
2.18003314977,,WIGS,train,2
3.65239387407,,WILV,train,2
1.26996582749,,WIMV,train,1
0.603332805317,,WIWV,train,0
0.507353714029,,WIYV,train,0
1.20787617474,,WKCV,train,1
4.49044298538,,WKFV,train,2
1.15549702684,,WKGA,train,1
0.830686221989,,WKGM,train,1
1.31923314974,,WKGS,train,1
1.29662243146,,WKGT,train,1
2.95916297892,,WKLV,train,2
1.17032752569,,WKMV,train,1
0.597074555769,,WLCV,train,0
2.84246332162,,WLFV,train,2
0.0063048683789,,WLGP,train,0
0.537206989456,,WLGS,train,0
2.15452716517,,WMFV,train,2
0.625790985517,,WMGA,train,0
0.623919317401,,WMGS,train,0
0.5400903783,,WMGT,train,0
1.55866634191,,WMLV,train,2
1.36101026375,,WNCV,train,1
3.98865068505,,WNFV,train,2
0.976953731721,,WNGA,train,1
0.997144853446,,WNGC,train,1
0.632675697856,,WNGF,train,0
0.538596404419,,WNGL,train,0
0.843298393129,,WNGM,train,1
0.01300642617,,WNGP,train,0
1.56006474444,,WNGS,train,2
3.21319331788,,WNLV,train,2
1.30474677891,,WNMV,train,1
0.00129613799656,,WPAV,train,0
0.00220206214364,,WPRV,train,0
0.885170577689,,WQCV,train,1
3.23007656465,,WQFV,train,2
0.890706819917,,WQGA,train,1
0.59866133552,,WQGM,train,0
0.880972358917,,WQGS,train,1
0.849506491192,,WQGT,train,1
2.04042989498,,WRCV,train,2
5.59337922227,,WRFV,train,2
1.63986812472,,WRGA,train,2
1.19875818642,,WRGC,train,1
0.685756686481,,WRGG,train,0
0.773642049769,,WRGL,train,1
1.20515170444,,WRGM,train,1
1.8755329538,,WRGS,train,2
4.11853390455,,WRLV,train,2
1.79624659438,,WRMV,train,2
0.847117167923,,WSCV,train,1
5.26740537941,,WSFV,train,2
1.58842915386,,WSGA,train,2
0.663462111031,,WSGF,train,0
0.658230671105,,WSGG,train,0
0.609045445365,,WSGL,train,0
1.09469492478,,WSGM,train,1
0.0234340749463,,WSGQ,train,0
1.4434492054,,WSGS,train,1
1.24076548219,,WSGT,train,1
2.37350594391,,WSLV,train,2
0.646276045151,,WSMV,train,0
0.529880594214,,WSWV,train,0
2.93737880372,,WTFV,train,2
0.60192071403,,WTGA,train,0
0.751387808615,,WTGS,train,1
0.665318984955,,WTGT,train,0
1.33196674627,,WTLV,train,1
4.95296022622,,WVFV,train,2
1.40794342238,,WVGA,train,1
0.0219266667849,,WVGD,train,0
0.563814711309,,WVGF,train,0
0.628938561476,,WVGG,train,0
0.105737533473,,WVGH,train,0
0.912800561181,,WVGM,train,1
1.94133126489,,WVGS,train,2
1.94311258452,,WVGT,train,2
3.23996714772,,WVLV,train,2
1.42047404063,,WVMV,train,1
0.690574352612,,WVWV,train,0
0.549155545154,,WVYV,train,0
6.27494649523,,WWFV,train,2
2.60823696185,,WWGA,train,2
3.05427971505,,WWGF,train,2
1.28018885868,,WWGG,train,1
0.834708337834,,WWGH,train,1
2.80031999481,,WWGL,train,2
3.41165067472,,WWGM,train,2
1.2636516541,,WWGN,train,1
1.2591828535,,WWGS,train,1
2.66389767518,,WWGW,train,2
0.862168513535,,WWGY,train,1
5.2648443719,,WWLV,train,2
2.31821452863,,WWMV,train,2
0.691139525367,,WWWV,train,0
1.72814046315,,WYCV,train,2
3.39178126829,,WYFV,train,2
2.24301459543,,WYGC,train,2
2.42477836182,,WYGF,train,2
0.959382367846,,WYGG,train,1
2.50259022914,,WYGL,train,2
2.26936710291,,WYGN,train,2
0.703342395097,,WYGQ,train,1
0.897810821416,,WYGS,train,1
0.784449206749,,WYGT,train,1
1.31520965443,,WYGY,train,1
2.3654547063,,WYLV,train,2
1.44091787867,,WYMV,train,1
0.00318701552106,,WYNV,train,0
2.3145736383,,YAFV,train,2
3.47979301052,,YAGA,train,2
2.00063739817,,YAGC,train,2
0.773848053818,,YAGF,train,1
0.705285566113,,YAGL,train,1
1.79747675388,,YAGM,train,2
1.69997800291,,YAGT,train,2
2.27532673184,,YCFV,train,2
2.56198235845,,YCGA,train,2
1.46889683332,,YCGC,train,1
0.559897862941,,YCGF,train,0
0.786361920037,,YCGL,train,1
1.38574370265,,YCGM,train,1
2.27286469607,,YCGS,train,2
1.29303802084,,YCGT,train,1
0.672878109883,,YCLV,train,0
1.97897458694,,YDAA,train,2
3.28380060488,,YDCA,train,2
1.08636667252,,YDCG,train,1
0.00251452600744,,YDEW,train,0
0.971407339881,,YDFA,train,1
1.904157905,,YDFG,train,2
0.593696960438,,YDFT,train,0
0.00577017546971,,YDKH,train,0
1.50863635006,,YDLC,train,2
2.53059897198,,YDLG,train,2
1.49948949757,,YDLT,train,1
1.28646322015,,YDMA,train,1
0.228083334563,,YDMC,train,0
1.05995059569,,YDMG,train,1
0.240919251299,,YDSA,train,0
0.00290254666214,,YDTS,train,0
1.09067380136,,YEGA,train,1
0.585820290699,,YEGC,train,0
0.785650729417,,YEGS,train,1
0.954506089803,,YFFV,train,1
2.43534259913,,YFGA,train,2
3.30996534745,,YFGC,train,2
1.80371018129,,YFGF,train,2
0.274824100581,,YFGH,train,0
1.60244338025,,YFGL,train,2
2.59309695893,,YFGM,train,2
1.17563412328,,YFGN,train,1
2.37747040485,,YFGS,train,2
0.602250723897,,YFGT,train,0
1.82265417649,,YFGW,train,2
0.00381731664082,,YFIV,train,0
0.00405049263268,,YGGH,train,0
0.027761663747,,YGGI,train,0
0.764548249736,,YHCV,train,1
2.54702546701,,YHFV,train,2
3.88064197495,,YHGA,train,2
2.6136344524,,YHGC,train,2
1.22580828882,,YHGF,train,1
1.16093279993,,YHGL,train,1
2.22029905829,,YHGM,train,2
0.80649808864,,YHGN,train,1
3.29351656878,,YHGS,train,2
1.73803845869,,YHGT,train,2
1.07429167246,,YHGW,train,1
1.59913449138,,YICV,train,2
3.6438518715,,YIFV,train,2
3.36281369245,,YIGA,train,2
1.95579832859,,YIGC,train,2
0.757958851823,,YIGF,train,1
0.549885060436,,YIGG,train,0
0.706234065739,,YIGL,train,1
1.59111261083,,YIGM,train,2
0.529867927385,,YIGN,train,0
3.00936734133,,YIGS,train,2
2.01757727357,,YIGT,train,2
0.501954944567,,YIGW,train,0
1.91058791384,,YILV,train,2
0.643984420816,,YIWV,train,0
0.66899910755,,YKCV,train,0
2.11530444689,,YKFV,train,2
2.51855968741,,YKGA,train,2
1.30365278481,,YKGC,train,1
0.0448739970317,,YKGH,train,0
1.40213374118,,YKGM,train,1
1.84710477615,,YKGS,train,2
1.17172646895,,YKGT,train,1
0.902477915251,,YKLV,train,1
1.42465934451,,YLFV,train,1
1.48930393535,,YLGA,train,1
0.751255106091,,YLGC,train,1
0.0267654381529,,YLGH,train,0
0.682689531704,,YLGM,train,0
1.07986744959,,YLGS,train,1
1.08169387329,,YMFV,train,1
1.49891254252,,YMGA,train,1
0.789227915902,,YMGC,train,1
0.895531232899,,YMGM,train,1
1.06536574309,,YMGS,train,1
0.572534260939,,YMGT,train,0
0.00435052912399,,YNDV,train,0
2.03519334431,,YNFV,train,2
2.65133268096,,YNGA,train,2
1.52586692365,,YNGC,train,2
0.587164498824,,YNGF,train,0
0.518105916772,,YNGL,train,0
1.15812667291,,YNGM,train,1
2.14081758048,,YNGS,train,2
1.2148506199,,YNGT,train,1
0.575862754636,,YNLV,train,0
0.00153979401579,,YNQV,train,0
0.671934509004,,YPGA,train,0
1.51175581535,,YQFV,train,2
1.93285339163,,YQGA,train,2
0.949013546783,,YQGC,train,1
1.43354136484,,YQGS,train,1
0.809394768376,,YQGT,train,1
0.517922991298,,YQLV,train,0
0.00183948546853,,YREV,train,0
3.03417829977,,YRFV,train,2
3.19873414423,,YRGA,train,2
1.744844326,,YRGC,train,2
0.806839696452,,YRGF,train,1
0.835832085056,,YRGL,train,1
2.62612090247,,YRGS,train,2
1.57135236646,,YRGT,train,2
1.40820366386,,YRLV,train,1
0.573341206196,,YRWV,train,0
2.52295673907,,YSFV,train,2
3.0687806538,,YSGA,train,2
1.483035074,,YSGC,train,1
0.649258550509,,YSGF,train,0
1.43412793238,,YSGM,train,1
2.43682715381,,YSGS,train,2
1.40194121141,,YSGT,train,1
1.08033461924,,YTFV,train,1
1.59421665942,,YTGA,train,2
0.902314533459,,YTGC,train,1
1.36188040858,,YTGS,train,1
0.591980172735,,YTGT,train,0
1.1605289376,,YVCV,train,1
3.39192664488,,YVFV,train,2
3.08853660112,,YVGA,train,2
1.88815379025,,YVGC,train,2
0.694446031078,,YVGF,train,0
0.541444447364,,YVGG,train,0
0.691117264644,,YVGL,train,0
1.47834478541,,YVGM,train,1
2.01141703196,,YVGT,train,2
1.45909987032,,YVLV,train,1
0.00112329235578,,YVNV,train,0
0.691786337063,,YWCV,train,0
3.38036112934,,YWFV,train,2
1.95862798675,,YWGA,train,2
3.75568245268,,YWGC,train,2
2.75944394492,,YWGF,train,2
0.688220241806,,YWGI,train,0
2.43255339611,,YWGL,train,2
3.16736540169,,YWGM,train,2
2.1955069203,,YWGS,train,2
1.55884896674,,YWGW,train,2
0.00754357802232,,YWHV,train,0
1.35138310914,,YWLV,train,1
0.623715281141,,YWWV,train,0
0.726828398981,,YYCV,train,1
1.29943106216,,YYFV,train,1
3.17767257048,,YYGA,train,2
3.93032801791,,YYGC,train,2
3.04124107101,,YYGF,train,2
0.802578951696,,YYGI,train,1
2.30195847555,,YYGL,train,2
2.9746842668,,YYGM,train,2
1.75272778723,,YYGN,train,2
0.538769526714,,YYGY,train,0
